Sample Index,DC Offset,SNR
0,9.666987352829892e-06,3.1423583095602226e-06,2.704070568084717
1,-1.9490744307404384e-05,2.6267866815032903e-07,-1.3238013982772827
2,1.4253103472583462e-05,-1.3760526940131967e-07,1.2606531381607056
3,3.88024182029767e-06,4.824767643185623e-07,2.089832067489624
4,-5.072789008409018e-06,-3.7497777327644144e-08,1.464034080505371
5,8.234219421865419e-06,5.932882345405233e-07,0.5626676678657532
6,6.420273166440893e-06,6.300588211161084e-07,-5.640284538269043
7,-2.8213491987116868e-06,3.2999167842717725e-07,3.224501609802246
8,4.2683977881097235e-06,-8.77286993272719e-07,4.770905017852783
9,-1.7735038682076265e-06,-3.9400656959287517e-08,0.04631531983613968
10,6.761276381439529e-06,1.3504077855941432e-07,0.3438289165496826
11,4.483371867536334e-06,4.713927808097651e-07,-2.9859557151794434
12,3.0081491786404513e-06,-1.7982283679884858e-06,3.1161630153656006
13,-4.671400347433519e-06,-6.312295681709656e-07,-0.37758928537368774
14,4.9610709538683295e-05,-2.4566716092522256e-06,-9.906367301940918
15,2.5080320483539253e-05,-2.4449893771816278e-06,6.895600318908691
16,8.424455700151157e-06,-5.803858016406593e-07,2.9801125526428223
17,1.4482980077445973e-05,-6.980150857316403e-08,2.4903578758239746
18,4.1432272155361716e-06,-5.3905596359982155e-06,-3.426363706588745
19,1.0228450264548883e-06,1.1471321386125055e-06,1.2729829549789429
20,1.5395922673633322e-05,-6.211057552718557e-07,1.6852658987045288
21,7.79982565290993e-06,-3.1758051477481786e-07,-2.7737534046173096
22,3.129226570308674e-06,-1.4443396878505155e-07,1.8141884803771973
23,-2.9310704121598974e-06,-5.198409098738921e-07,-1.3329540491104126
24,1.0588574696157593e-05,-6.354873107738968e-07,3.676769256591797
25,4.397382440401998e-07,-7.990310564309766e-07,0.9992844462394714
26,8.301920388475992e-06,-5.345960403246863e-07,-0.1695227324962616
27,-5.8563182392390445e-06,-1.1760090501411469e-06,0.1798761636018753
28,1.5187498320301529e-05,-3.084579986989411e-07,2.270477771759033
29,2.2294878363027237e-05,-1.2695064697254566e-06,-3.828160524368286
30,3.111737532890402e-05,-4.78807578474516e-07,3.475641965866089
31,6.623085027968045e-06,-6.743371727679914e-08,2.729729413986206
32,1.1907734915439505e-05,-3.8945029245951446e-07,-1.92925226688385
33,3.715725688380189e-05,1.6900087302929023e-06,2.460547924041748
34,1.2382067325233947e-05,-4.376580307052791e-07,2.458982229232788
35,9.042536476044916e-06,-1.8030683577308082e-06,2.3130786418914795
36,1.5883095329627395e-05,-7.792999099365261e-07,-4.069606304168701
37,3.2245193324342836e-06,-1.2303391940804431e-06,-1.115038275718689
38,8.582862392358948e-06,-1.477913087910565e-06,-1.948688268661499
39,8.930585863708984e-06,2.0692199598215666e-07,-1.8780436515808105
40,2.582302658993285e-05,-4.201428055239376e-06,-0.07757391780614853
41,1.2536670510598924e-05,-1.1293680017843144e-06,-2.1710827350616455
42,2.407047759334091e-05,-2.0698109892691718e-07,2.245884895324707
43,1.3940628377895337e-05,4.090857146366034e-06,-6.427008628845215
44,1.2406881069182418e-06,-9.651680556999054e-07,0.5224347114562988
45,4.352318683231715e-06,6.314526217465755e-07,5.881838321685791
46,1.01338127933559e-05,-5.106508638164087e-07,2.1313469409942627
47,1.052171455739881e-06,6.749098702130141e-07,0.7710036039352417
48,9.509265623819374e-07,3.299216544405681e-08,-0.9412157535552979
49,4.869807162322104e-05,-3.018031407009403e-07,-0.1271052211523056
50,2.4079688955680467e-05,-1.3573567514413298e-07,0.08830943703651428
51,3.345742879901081e-05,-1.6611913622455177e-07,4.103550910949707
52,-2.248167947982438e-05,1.3971328982620435e-08,2.2878270149230957
53,6.4337687035731506e-06,-1.723149466670293e-06,1.077497959136963
54,5.390297701524105e-06,1.5120893976927618e-06,-3.627019166946411
55,1.213607447425602e-05,2.5526730951241916e-07,0.4217003583908081
56,-1.571754637552658e-07,-6.32158901225921e-07,2.256617784500122
57,7.1547824518347625e-06,-4.941061320096196e-07,-3.2431893348693848
58,-5.359957413020311e-06,-5.722448008782521e-07,0.44307953119277954
59,7.574633400508901e-06,2.255461595268571e-06,-3.592349052429199
60,2.6795371013577096e-05,1.1240373396503855e-06,2.3522872924804688
61,5.618546128971502e-05,-7.76091724219441e-07,1.154765009880066
62,-9.816249075811356e-07,2.1500935076801397e-07,-2.400817632675171
63,8.612729288870469e-06,-9.67795656947601e-08,-5.259694576263428
64,-6.993236183916451e-06,-1.5106748207927012e-07,0.30824393033981323
65,1.7678127051112824e-06,2.8672170060417557e-07,-1.7226086854934692
66,6.864583156129811e-06,-3.6944300063623814e-07,1.0563185214996338
67,1.7682430552667938e-05,-3.0360620684177775e-08,3.9381322860717773
68,9.404060619999655e-06,-1.851003844421939e-06,-3.3416013717651367
69,1.5401905329781584e-05,-3.1865189953350637e-07,-3.653878927230835
70,1.1048572559957393e-05,-5.891660634915752e-07,-1.2280030250549316
71,-9.870452049653977e-05,-3.5589237086242065e-06,-3.5367276668548584
72,9.753447557159234e-06,-1.9627808711675243e-08,2.8173062801361084
73,-2.0134543774474878e-06,-8.641198405712203e-07,-2.0607998371124268
74,2.036807927652262e-05,-1.7489527408542926e-06,-0.2988132834434509
75,2.3465136109734885e-06,-5.766218237113208e-06,-5.818968772888184
76,2.0724783098557964e-05,3.7887991766183404e-07,0.08665177971124649
77,2.8916323572047986e-05,2.025183448495227e-06,3.5929319858551025
78,5.111467544338666e-05,8.656367640469398e-07,3.1571638584136963
79,7.451972578564892e-06,1.515298997389891e-08,-2.056947946548462
80,1.477991827414371e-05,1.9188830719940597e-06,-4.390249729156494
81,-1.3335476296560955e-06,-1.683458634715862e-07,1.302499771118164
82,-1.0191865840170067e-05,-1.6133171811816283e-05,-5.679323673248291
83,1.3283902262628544e-05,5.293519279803149e-06,0.6619275212287903
84,-1.0217785529675893e-05,-8.371273452212336e-08,1.7589459419250488
85,1.4988565453677438e-05,-1.5128055963486986e-07,-0.5207158327102661
86,-4.3408781493781134e-06,-1.2422303541370638e-07,-1.1491491794586182
87,4.1573841258468747e-07,-2.5795597480282595e-07,1.5542666912078857
88,3.138164174742997e-05,3.447294147918001e-07,-2.9562110900878906
89,2.491598252163385e-07,-8.197981514967978e-06,2.6853203773498535
90,2.4388180463574827e-05,6.098280209698714e-07,2.382181406021118
91,7.997045031515881e-06,-1.8733322804109775e-06,-0.7910019159317017
92,6.756128186680144e-06,-1.4631247040597373e-06,-1.9291812181472778
93,8.161625373759307e-06,1.9110093774088455e-07,1.945381760597229
94,1.500368944107322e-05,-2.6734818447948783e-07,1.0981239080429077
95,3.8140962715260684e-05,2.0756324659032543e-08,3.230870008468628
96,1.6124708054121584e-05,-2.0477027362630906e-07,-0.6944767236709595
97,-4.867519010076649e-07,-3.0667582251453496e-08,0.830962061882019
98,-6.743493486283114e-06,-7.825593115740048e-07,1.5864382982254028
99,4.0152361179934815e-05,-4.457290003756498e-07,1.0696454048156738
100,7.4798622335947584e-06,-6.804615537703285e-08,2.768289089202881
101,2.7631826014840044e-05,-1.6007845715648727e-06,1.4013776779174805
102,1.2514767149696127e-05,-8.127589978812466e-08,4.588517189025879
103,3.101559968854417e-06,3.705819437982427e-07,-0.30292338132858276
104,5.6098819186445326e-05,9.791304478312668e-08,4.7870965003967285
105,1.551760760776233e-06,-1.6359523442588397e-06,2.3211097717285156
106,8.777910807111766e-06,4.329234215560973e-08,2.517115592956543
107,3.0121233066893183e-05,-9.075060347640829e-07,1.8030784130096436
108,-5.095303095004056e-06,-2.8286177666814183e-07,-2.716205358505249
109,8.886923410500458e-07,1.599589971590376e-08,-1.175165057182312
110,9.254920769308228e-06,-1.1830027233372675e-06,2.1976306438446045
111,3.6625683605961967e-06,-1.0295460839415682e-07,5.291402816772461
112,1.9319355004654426e-08,4.345193644894607e-07,3.4942400455474854
113,9.948014849214815e-06,5.814731096620562e-08,4.1930766105651855
114,2.9674050892936066e-05,-6.892944384162547e-07,-1.0253541469573975
115,6.01359852225869e-06,6.840745641056856e-07,-2.271962881088257
116,2.9875759537389968e-06,2.734666111336992e-07,4.780045509338379
117,1.639326183067169e-05,7.70453596032894e-07,3.5886547565460205
118,1.0160685633309186e-05,2.129067524947459e-06,-5.8098320960998535
119,8.14203576737782e-06,5.263884759187931e-07,-0.013743357732892036
120,-4.861145498580299e-06,-4.967436098013422e-07,3.337245464324951
121,-6.079359991417732e-06,7.017899406491779e-06,-0.8833402395248413
122,-1.5673900861656875e-06,-4.3993094323013793e-07,-0.01976405829191208
123,8.555334716220386e-06,-2.190807435908937e-06,1.9305434226989746
124,4.158114734309493e-06,2.0494610453170026e-06,2.08974027633667
125,2.7500564101501368e-05,-1.988465641034054e-07,-2.604508399963379
126,2.2579909000342013e-06,-3.537579914336675e-06,-5.448296546936035
127,1.1663385521387681e-05,-1.4096315226197476e-06,-2.451826810836792
128,-1.679780552876764e-06,-1.1898681577804382e-06,-2.339376926422119
129,1.1689503480738495e-06,2.2775331842694868e-07,-4.3766560554504395
130,3.0220586268114857e-05,-1.5979533145582536e-06,-1.2420402765274048
131,-7.323656518565258e-06,5.654777055497107e-07,0.94651198387146
132,5.220174443820724e-06,-6.330360946549263e-08,-0.6383123397827148
133,-6.426869276765501e-06,4.696478583809949e-07,2.047480583190918
134,5.280396180751268e-06,6.273870667428127e-07,-1.9643981456756592
135,7.625741091032978e-06,1.1039773539778253e-07,-0.5916072130203247
136,1.7779117115424015e-05,-8.6716363512096e-07,-1.4251441955566406
137,-4.838762379222317e-06,-3.0535758810401603e-07,0.46802306175231934
138,1.347746638202807e-05,-3.9555530406687467e-07,5.851296424865723
139,6.2560529840993695e-06,5.628849066852126e-07,-4.9996161460876465
140,1.4668020412500482e-05,-9.688287860853961e-08,0.09119603037834167
141,5.870117547601694e-06,2.829054892572458e-07,0.6324705481529236
142,-2.3525308279204182e-07,-2.0940055378559919e-07,3.305086135864258
143,2.1890059542784e-06,-1.4363824618612853e-07,-0.30051952600479126
144,1.81866289494792e-05,-1.0339915590407145e-08,2.260551691055298
145,2.2289743355941027e-05,4.611442534496746e-07,-2.662794828414917
146,2.431409666314721e-05,-5.8251121259900174e-08,0.6844303607940674
147,1.4274229442889919e-06,-5.563100202721216e-09,2.0806827545166016
148,2.1797850422444753e-05,-1.3897022199671483e-07,2.8495171070098877
149,5.6918116797533e-07,2.3693789330536674e-07,1.5993558168411255
150,1.9412595975154545e-06,-7.111107152013574e-07,-2.6278674602508545
151,2.4575774659751914e-05,-1.0884056678150955e-07,3.0038716793060303
152,3.425475733820349e-05,-3.6350920709082857e-06,-4.151129722595215
153,1.6467252862639725e-05,-3.531540357926133e-07,4.612313270568848
154,3.028962055395823e-06,-1.648897978157038e-07,0.43049338459968567
155,-2.6922334654955193e-06,-3.5405457765591564e-07,-2.6076626777648926
156,6.185822257975815e-06,2.5975555217883084e-07,-3.4048306941986084
157,1.2225899808981922e-05,1.9431114495205293e-08,-3.5174694061279297
158,1.0643630957929417e-05,-1.770824127333981e-07,2.678406238555908
159,3.0178192901075818e-05,-7.643610047125549e-07,3.234987258911133
160,1.2179533769085538e-05,1.3883462202102237e-07,-3.7616922855377197
161,1.520072373750736e-06,-5.812267431792861e-07,1.1185686588287354
162,2.563413181633223e-05,-9.158964076050324e-07,-1.0380961894989014
163,4.8148023779504e-05,-5.638018478748563e-07,3.512887716293335
164,-2.799669891828671e-05,3.909567780624457e-09,4.314001083374023
165,2.806621296258527e-06,-3.5670896636474936e-07,-1.0229350328445435
166,-1.8521890297051868e-06,1.8670249119168147e-05,-4.38095235824585
167,1.8167446569350432e-06,-3.154654905301868e-06,-3.2371058464050293
168,3.645655669970438e-05,1.4867832760501187e-06,1.3490999937057495
169,2.9247089514683466e-06,-1.9760966551984893e-06,-0.1459389477968216
170,-6.782336640753783e-06,-1.128127209426566e-07,0.30862438678741455
171,-6.005152954458026e-06,1.5378545015209966e-07,2.6946427822113037
172,2.0316924747021403e-06,-2.8267055540709407e-07,-0.5368895530700684
173,1.1777512554544955e-05,-4.571681131437799e-07,0.949353814125061
174,-1.803525083232671e-05,-3.4757405842356093e-07,1.305545449256897
175,1.695358264441893e-06,-7.627408038501926e-09,1.3996706008911133
176,4.723467100120615e-06,2.6874789682551636e-07,-1.326633095741272
177,-3.0829483876004815e-05,-8.63548621055088e-07,-0.8118360042572021
178,4.894408448308241e-06,8.155405240017899e-09,1.8280255794525146
179,-8.096611054497771e-06,-1.5242000017678947e-07,2.0759005546569824
180,-6.959323854971444e-07,-2.7825930715152936e-07,3.3191514015197754
181,8.172724847099744e-06,-5.3854783743645385e-08,2.0943071842193604
182,1.713502570055425e-05,1.1550535816695628e-07,5.313359260559082
183,-2.829368895618245e-06,-1.0126908591701067e-06,-2.1787455081939697
184,1.0331080375181045e-05,-2.7567000415729126e-07,-4.094976425170898
185,1.0142731298401486e-05,-1.4790197155889473e-07,-5.89430570602417
186,7.991995516931638e-06,-4.097198313957051e-07,4.511178970336914
187,1.3178582776163239e-05,-3.04351246427359e-08,2.7426276206970215
188,-5.705298008251702e-06,-5.861719500899198e-07,4.8789544105529785
189,1.8309414144823677e-06,-5.429561156233831e-07,3.204957962036133
190,-7.857823220547289e-06,-5.87085899894646e-08,1.6509591341018677
191,-2.690764176804805e-06,-4.4887860894959886e-07,3.1991970539093018
192,-2.068322828563396e-06,2.547157600929495e-05,-5.814801216125488
193,7.862335223762784e-06,-1.3278970811825275e-07,1.581357717514038
194,2.8708736863336526e-05,-4.814331759916968e-07,-3.076753854751587
195,7.161050234572031e-06,4.001860816060798e-06,-3.7740297317504883
196,1.3907657375966664e-05,2.3379921287869365e-07,2.2047653198242188
197,3.2753621326264692e-06,4.248003051543492e-07,2.881577968597412
198,8.036742826789123e-08,-2.813716832861246e-07,4.411615371704102
199,-3.889992967742728e-07,9.755626706464682e-07,2.9638190269470215
200,2.3825779862818308e-05,4.462649485503789e-07,2.255006790161133
201,-1.486130599914759e-06,5.842661039423547e-07,1.0721756219863892
202,1.1130464372399729e-05,-2.0624200658403424e-07,4.469871997833252
203,-9.805274203245062e-06,-5.459477279146085e-07,4.763200759887695
204,4.30550571763888e-05,-1.008517074296833e-06,1.529252052307129
205,5.389088983065449e-06,-9.464914683121606e-07,0.4537055492401123
206,1.347832312603714e-05,2.4162480372069695e-07,6.584091663360596
207,-6.886244591441937e-06,7.983848604453669e-07,-1.9368960857391357
208,1.5050674164740485e-06,2.677987076538102e-08,1.6857547760009766
209,4.861473826167639e-06,-5.352318339646445e-07,1.311842679977417
210,2.413149195490405e-05,-4.687448438289721e-07,3.7348735332489014
211,1.8547872969065793e-05,-2.0825564206461422e-07,5.237602233886719
212,2.2987717329669977e-06,-5.602598207588017e-07,-6.037242412567139
213,7.123367140593473e-06,-3.374690891178034e-07,1.1038051843643188
214,3.6065055610379204e-05,1.2207875954572955e-07,-4.518641948699951
215,7.087265657901298e-06,-1.3743440376856597e-06,0.9651985168457031
216,2.0155328456894495e-05,-5.123005848872708e-06,1.722055196762085
217,-1.4986375390435569e-05,-1.263067161971776e-07,1.440037727355957
218,6.189731266204035e-06,-4.5104323476152786e-07,-0.8900853991508484
219,1.5181050230239634e-06,1.7022887277562404e-07,1.231824278831482
220,2.5039047613972798e-05,-1.5439589162724587e-08,4.3509111404418945
221,-5.2359987421368714e-06,3.3752272088349855e-07,3.1028053760528564
222,9.606071216694545e-06,1.8574397131487785e-07,0.2655326724052429
223,4.780144081450999e-06,-8.094584131868032e-07,6.531108856201172
224,9.091767424251884e-06,-8.903846264729509e-07,6.4748854637146
225,-9.292701861340902e-07,8.025487545637588e-07,2.677219867706299
226,1.7059319361578673e-05,8.597324097081582e-08,2.8724358081817627
227,1.4011146959092002e-05,-1.0778188652693643e-06,-5.616507530212402
228,2.377959162913612e-06,-1.4616891803598264e-06,3.863708734512329
229,-2.8229007398294925e-07,-1.1768042895710096e-07,1.2078784704208374
230,-2.0499875574842008e-07,4.0328007600010096e-08,0.8490630984306335
231,7.268376066349447e-06,3.0989747301646275e-07,2.3942711353302
232,3.962329628848238e-06,1.0958328857668675e-06,-5.372016906738281
233,4.36698746852926e-06,-5.4391225745575866e-08,-0.4531252086162567
234,-2.608401473480626e-06,-2.551774116454908e-07,0.011941848322749138
235,1.095903371606255e-06,-4.846895649279759e-07,-0.8414181470870972
236,1.2120257224523812e-06,-3.0873962941768696e-07,-0.9802170991897583
237,1.7243843103642575e-05,1.3976360833112267e-06,-0.6819339990615845
238,1.9708534182427684e-06,-9.089226296055131e-07,-1.523543357849121
239,1.2283138858038e-05,7.69408529777138e-07,6.528039455413818
240,7.515434390370501e-06,-7.972031994540885e-07,1.4760138988494873
241,2.3769537449425115e-07,6.656596838183759e-07,0.06364163756370544
242,-7.745669427094981e-05,4.12461522500962e-05,-2.9596920013427734
243,7.31866111891577e-06,-1.1988257710981998e-06,-1.6893424987792969
244,6.361639862006996e-06,7.177139309533231e-07,-2.3702709674835205
245,-5.921779120399151e-06,-8.074253514678276e-07,1.410515546798706
246,-3.183797048222914e-07,-6.322816261672415e-07,0.48604047298431396
247,1.8374632418272085e-05,-5.367155040403304e-07,2.4446306228637695
248,8.246426659752615e-06,9.22029244065925e-08,0.3430400788784027
249,3.1016741104394896e-06,1.302530904467858e-06,2.550851821899414
250,-1.2871985290985322e-06,-2.669318064363324e-06,1.4037293195724487
251,-6.925248271727469e-06,3.079508701375744e-07,-0.7487446665763855
252,5.896032234886661e-06,8.904750075089396e-07,-6.2557220458984375
253,-5.6925769058580045e-06,4.578629919649302e-09,0.7847711443901062
254,2.186257688663318e-06,1.3923992980835465e-07,2.5473859310150146
255,7.032698249531677e-06,-9.005094625536003e-07,0.34576231241226196
256,-1.936147668857302e-07,2.881387928255208e-08,0.7401832938194275
257,1.6259005860774778e-05,4.024575162020483e-07,-0.07334323972463608
258,1.2076297934981994e-06,1.3438015855626873e-07,3.489819049835205
259,-2.4753198886173777e-06,-1.0188077794737183e-06,-0.2675212621688843
260,-4.931337571179029e-06,-1.1671583024508436e-06,0.17013511061668396
261,1.3228390344011132e-05,6.44473232114251e-07,3.768378496170044
262,-7.611730779899517e-06,-3.3907542729139095e-07,0.9838759303092957
263,1.733678982418496e-05,-7.244224207170191e-07,2.6116607189178467
264,-4.148123480263166e-05,-3.3408304034310277e-07,-0.08348828554153442
265,9.184754162561148e-06,5.829602400808653e-07,2.977935314178467
266,3.121735426248051e-05,-1.7004211372295686e-08,2.7829413414001465
267,3.260625817347318e-05,-2.2780348274409334e-07,1.2151689529418945
268,6.953024239919614e-06,-8.172127309080679e-06,0.8044064044952393
269,4.244518549967324e-06,1.4102856482622883e-07,2.3238422870635986
270,1.8639319023350254e-05,-3.387326898973697e-07,5.15928316116333
271,2.87520197161939e-06,-6.052941330381145e-07,2.3914225101470947
272,3.328914681333117e-05,3.3158411838485335e-07,-0.41668936610221863
273,6.987489086895948e-06,1.107873004002613e-06,6.836442947387695
274,1.7619047866901383e-05,4.017526862298837e-07,-2.2549445629119873
275,1.183359017886687e-05,4.409452358800081e-08,4.378648281097412
276,4.635000095731812e-06,-3.197997671122721e-07,1.4827358722686768
277,-1.8724645087786485e-06,-2.9202351470303256e-07,1.6113430261611938
278,7.789638402755372e-06,8.209084398913546e-07,3.9774837493896484
279,1.7640968508203514e-06,2.2568355007024365e-07,-0.5719648599624634
280,1.3519663298211526e-05,-3.647948290108616e-07,2.5512468814849854
281,1.9286855604150333e-05,-7.227132527987123e-07,-1.1994035243988037
282,1.7110474800574593e-05,-3.192767508153338e-07,-1.2398176193237305
283,1.5385296137537807e-05,-8.881688131623378e-07,3.758683443069458
284,1.5253244782797992e-05,-4.400620809974498e-07,-0.03302893042564392
285,9.60426768870093e-06,1.3099099760438548e-06,-0.3048000931739807
286,1.5943012840580195e-05,1.012035681924317e-06,-8.017090797424316
287,2.442111508571543e-06,1.309891501932725e-07,-0.12431856244802475
288,4.1936223169614095e-06,-2.7033388505515177e-07,-0.24340732395648956
289,-6.784383913327474e-06,1.886934057893086e-07,1.7151474952697754
290,2.1236090105958283e-05,1.4185458496740466e-07,0.47069546580314636
291,1.4293091226136312e-05,-2.403431608399842e-06,5.802194595336914
292,9.61228579399176e-06,-3.4199381389043992e-06,-5.607353210449219
293,4.498709131439682e-06,1.325989700262653e-07,1.1609529256820679
294,1.2232056178618222e-05,3.3821166312009154e-08,1.0459388494491577
295,1.4444647604250349e-05,-2.957776246148569e-07,3.20627498626709
296,-1.7823915186454542e-05,-7.254357115016319e-07,2.840200901031494
297,-1.1493943020468578e-05,-3.568033264400583e-07,1.155559778213501
298,8.7881362560438e-06,8.189827127580429e-08,3.7813851833343506
299,3.918363745469833e-06,-6.958057383599225e-07,0.4342750012874603
300,6.02021100348793e-06,-7.162372526181571e-07,3.053838014602661
301,1.8169044778915122e-05,-4.249368998898717e-07,3.5857698917388916
302,1.3174489140510559e-05,-6.494835247394803e-07,1.6892801523208618
303,-2.909778595494572e-05,4.1830142549770244e-07,7.875606536865234
304,1.1138256013509817e-05,9.914402880895068e-07,4.67303466796875
305,1.4029045303232124e-07,1.495540118412464e-07,0.7096201777458191
306,1.4938521417207085e-05,-6.370862593030324e-07,1.3282616138458252
307,-2.6981806513504125e-06,1.0312664926459547e-05,0.49960270524024963
308,-8.686398587087751e-07,-7.688601755262425e-08,2.2569642066955566
309,-3.6271617318561766e-06,2.7468254870655073e-07,1.513503909111023
310,7.998801265785005e-06,-2.8301727184043557e-07,4.114984035491943
311,8.948509275796823e-06,-1.4220427146938164e-07,-2.28123140335083
312,9.819616934692021e-06,-2.1107942416165315e-07,-2.576484203338623
313,-1.7112970454036258e-06,-1.4404207604457042e-07,-1.632714867591858
314,1.7567897430126322e-06,-4.294892050893395e-07,1.6700392961502075
315,-1.1447528777353e-05,-1.1765062879476318e-07,2.9181971549987793
316,1.5252282537403516e-05,6.882687557663303e-07,1.4633853435516357
317,6.9868474383838475e-06,2.853552416581806e-07,0.1507692188024521
318,-2.644891537784133e-05,-5.533372586796759e-07,-2.658048629760742
319,-2.311146272404585e-05,-6.376579335665156e-07,1.286972999572754
320,3.3942276786547154e-05,-1.9069165091423201e-07,1.1085213422775269
321,-2.233535042250878e-06,-1.1840160141218803e-06,-0.5421310663223267
322,3.078065856243484e-05,-1.3340944633455365e-06,2.35957407951355
323,4.666480435844278e-06,-3.650228279639123e-07,-3.6626362800598145
324,2.7427349778008647e-05,1.1320228168187896e-06,3.82879638671875
325,3.794262738665566e-06,5.660404553964327e-07,-1.0853595733642578
326,7.860918231017422e-06,-1.1147593568239245e-06,-4.5792131423950195
327,2.501195194781758e-05,4.1088958369073225e-07,-0.8758361339569092
328,1.3915566341893282e-05,-7.171531279936971e-08,1.5021289587020874
329,4.986378371540923e-06,2.265522880406934e-08,3.661851406097412
330,-4.416892807057593e-06,-2.921208874795411e-07,0.013913141563534737
331,2.2306183382170275e-05,1.2793640280506224e-07,6.39129114151001
332,3.292717565273051e-06,-2.8420885200830526e-07,2.5464816093444824
333,2.107001819240395e-05,-1.1207029047000105e-06,-2.6962053775787354
334,-1.6821328244986944e-05,7.640232411176839e-07,-4.1118011474609375
335,3.854044280160451e-06,1.7420649101040908e-07,1.0400378704071045
336,1.4576215107808821e-05,-4.848842536375741e-07,1.9232990741729736
337,6.605035650864011e-06,-1.3568997481172573e-08,1.8868200778961182
338,6.123592356743757e-06,-5.689720410373411e-07,-2.2837860584259033
339,1.2663768757192884e-05,-1.022467017719464e-06,-2.47855806350708
340,5.810440143250162e-06,-5.910828804189805e-07,-2.9319820404052734
341,1.547688225400634e-05,4.368484098904446e-07,3.3416967391967773
342,-1.2933313655594247e-06,-9.021207461046288e-07,1.8023239374160767
343,1.264180536963977e-05,-7.668877515243366e-07,-6.255814552307129
344,1.3880783626518678e-05,-1.8858934254240012e-06,1.8470594882965088
345,6.514398137369426e-06,1.434435414893187e-08,1.7274187803268433
346,9.59297176450491e-06,-4.8119822793069034e-08,4.693417072296143
347,5.216295448917663e-06,-6.304447879301733e-07,0.48691433668136597
348,3.6608445952879265e-05,2.0791590671365157e-08,1.7327954769134521
349,-2.564269379945472e-06,-4.013677425973583e-07,1.257901668548584
350,3.4704312383837532e-06,4.215106343963271e-07,2.5098648071289062
351,1.836557567003183e-05,3.556990577635588e-06,4.743513584136963
352,-5.398988378146896e-06,-2.526491904575323e-08,-0.17315903306007385
353,2.9431350412778556e-05,-7.459397011189139e-07,0.5280042886734009
354,3.897826900356449e-06,1.1757860818306654e-07,0.4781917929649353
355,2.709638101805467e-05,6.496891273854999e-07,3.409616708755493
356,2.7284948373562656e-05,-4.916250873066019e-07,2.7832388877868652
357,8.413096111326013e-06,2.6111504780601535e-07,-6.687306880950928
358,1.4461877071880735e-05,2.1982646103424486e-06,-7.692234516143799
359,4.912341319140978e-05,3.9890457514957234e-07,5.085504055023193
360,1.855102163972333e-05,-2.086162576020456e-09,-2.58500599861145
361,4.3031118366343435e-06,1.18203058718791e-06,0.02911759354174137
362,7.04606327417423e-06,-3.6781926837647916e-07,2.9906420707702637
363,8.54053178045433e-06,-3.1718720947537804e-06,-2.084686517715454
364,2.4324446712853387e-05,-4.011263570191659e-07,2.6943507194519043
365,1.6863055861904286e-05,2.441157960220153e-07,2.7038064002990723
366,1.685148527030833e-05,2.0465502075239783e-06,-5.914943218231201
367,4.330301180743845e-06,2.64964995722039e-07,1.8100612163543701
368,6.226827736099949e-06,-7.198005960162845e-07,-7.065424919128418
369,-1.138983770943014e-05,-1.0240663641525316e-06,1.5988093614578247
370,5.5170917221403215e-06,2.583990408311365e-07,-0.32580816745758057
371,-5.4391643971030135e-06,-5.085503289592452e-07,0.37538304924964905
372,1.5731235180282965e-05,-4.31443737625159e-07,1.4539021253585815
373,1.2630065612029284e-05,-6.492023771897948e-07,1.1819149255752563
374,-6.187171948113246e-06,-6.14955013134022e-07,0.20650023221969604
375,1.7528387616039254e-05,-2.829010270488652e-07,7.463207244873047
376,2.1094632757012732e-05,3.3574602298358514e-07,-2.213860511779785
377,1.6489902918692678e-05,3.40250124963859e-07,2.469684362411499
378,1.3851996300218161e-05,-2.5632829192545614e-07,-1.0631580352783203
379,-1.2579540680235368e-06,-6.5629187417926e-08,-2.2603914737701416
380,2.6099638489540666e-05,-7.506897077291796e-07,3.313767910003662
381,6.875404778838856e-06,-6.49371770578e-07,4.927194595336914
382,-2.3162185243563727e-05,7.078538146743085e-07,4.587880611419678
383,6.5331651057931595e-06,-4.011094745237642e-08,-0.9672525525093079
384,1.722267916193232e-05,-6.720930514347856e-07,4.188838481903076
385,3.019417817995418e-06,-2.1922637927218602e-07,-1.00702702999115
386,-1.647878707444761e-05,3.168095190630993e-06,4.244441986083984
387,-3.0322105430968804e-06,-1.3092457606944663e-07,-2.2879860401153564
388,2.532689222789486e-06,-4.622047242719418e-07,2.813227653503418
389,2.3297347070183605e-05,-5.256970894151891e-07,1.8620110750198364
390,2.4673843654454686e-05,-5.255133146420121e-07,2.5477986335754395
391,1.6474778021802194e-05,-1.4773984275961993e-06,2.101717710494995
392,4.298779458622448e-06,-2.7574301952881797e-07,0.9544616937637329
393,1.0437624041514937e-05,-4.797265091838199e-07,5.094348907470703
394,3.224012289138045e-06,3.453523049756768e-07,1.6332017183303833
395,1.110391804104438e-05,-1.683647951722378e-06,-0.7577700018882751
396,4.389286914374679e-06,1.4677146964459098e-07,3.1292366981506348
397,5.581397272180766e-05,9.077321919903625e-06,-4.616500377655029
398,8.702540071681142e-06,-9.049902587321412e-07,-0.03540840744972229
399,-9.717673492559697e-06,7.412781144466862e-08,-1.0865323543548584
400,1.1854010153911076e-05,-2.14778970075713e-06,-2.748549461364746
401,-2.408897444183822e-06,-6.181995360066139e-08,5.313863754272461
402,-8.973242074716836e-06,-2.8442443067433487e-07,-1.742608666419983
403,-1.9587139831855893e-05,-3.3579917158022e-07,0.1502896547317505
404,-8.263559720944613e-06,-7.933378469715535e-07,0.436019629240036
405,-9.556984878145158e-06,1.539041605269631e-08,4.9395599365234375
406,9.102338481170591e-06,2.7948368597208173e-07,-2.1811203956604004
407,-2.2137651285447646e-06,5.851303512827144e-07,0.1182326003909111
408,4.598758550855564e-06,1.9118884608815279e-07,3.246875286102295
409,4.94911837449763e-05,-3.1286032253774465e-07,3.8498897552490234
410,8.309380973514635e-06,-1.964494629191904e-07,3.179210662841797
411,-2.514143773169053e-07,-7.720157668700267e-07,5.785396099090576
412,3.4422984754201025e-05,-1.7840981172412285e-06,-0.07071477174758911
413,-3.13897385240125e-06,3.167564557315927e-07,0.3001558482646942
414,4.534752224572003e-05,9.801536862141802e-07,2.036778450012207
415,6.247256351343822e-06,-2.2263476751049893e-07,3.547668695449829
416,1.5354848073911853e-05,2.8589764156095043e-07,1.7472805976867676
417,9.113973646890372e-06,-1.444980455289624e-07,2.1172327995300293
418,1.159418752649799e-05,1.0123351934510083e-08,3.095913887023926
419,-8.489882930007298e-06,9.203295121551491e-07,-0.9128919243812561
420,1.0240695701213554e-05,-4.7437299599550897e-07,0.5211960077285767
421,-1.779590456862934e-05,-9.377027367918345e-07,2.2774829864501953
422,7.107935289241141e-06,-3.148953169329616e-07,3.0006065368652344
423,7.224612090794835e-06,-2.8959910025605495e-08,1.3685810565948486
424,2.0670242520282045e-05,-2.3953666072884516e-07,1.7449424266815186
425,3.6432886645343387e-06,8.462865963565491e-09,0.575026273727417
426,-1.3339847100724e-05,-1.0248969317672163e-07,1.004625678062439
427,3.3446749512222596e-06,2.236564888846715e-08,1.8674159049987793
428,3.977440428570844e-06,1.6966015436992166e-07,1.7098603248596191
429,2.4706787371542305e-05,-1.0498215630150298e-07,3.950355291366577
430,-2.957377319035004e-06,9.471878570366243e-07,-0.8937402963638306
431,1.807572516554501e-05,4.770904524775688e-07,-2.4041905403137207
432,-8.44801888888469e-06,-1.5707815919085988e-06,4.492849826812744
433,1.7278644008911215e-05,7.474422147879523e-08,1.295090913772583
434,-3.2083338737720624e-05,-5.283042696646589e-07,4.163264274597168
435,7.79780384618789e-06,-3.7058046586935234e-07,3.480844020843506
436,7.325693786697229e-06,-6.219953547770274e-07,2.564110517501831
437,2.3819613488740288e-05,-2.1488418155968247e-07,-0.7577832937240601
438,-2.6568084194877883e-06,-4.979461323273426e-07,-1.8065768480300903
439,1.1493925740069244e-06,-1.3375033347529097e-07,-0.30493199825286865
440,-4.855157385463826e-06,6.959945153539593e-07,2.8658833503723145
441,4.1387986129848287e-05,-1.6832947835609957e-07,0.18945813179016113
442,-7.13873987479019e-06,-4.0372310650127474e-07,-0.09189848601818085
443,-1.4090642252995167e-05,-2.139328898920212e-06,-2.3305602073669434
444,1.4200981240719557e-05,-5.70178031011892e-07,3.065108299255371
445,-1.798465018509887e-05,-7.884184469730826e-07,-0.2722282409667969
446,-2.4663715976203093e-06,3.780826887123112e-07,1.5475999116897583
447,5.024088295613183e-06,-7.621661097800825e-07,0.5990779399871826
448,1.8155760699301027e-05,4.021152903987968e-07,2.170189380645752
449,-1.0792880857479759e-05,5.596210712610628e-07,1.364559531211853
450,-5.791918738395907e-06,1.9076516366567375e-07,-2.155758857727051
451,1.7015710909618065e-05,9.083847203328332e-07,-0.6927517652511597
452,1.1031484973500483e-05,2.750158323294727e-08,0.06699329614639282
453,3.6358480883791344e-06,-4.550166522676591e-06,-5.181221008300781
454,2.7193923415325116e-06,1.0821869267374495e-07,0.7799600958824158
455,-2.299100145819466e-07,-6.287048393005534e-08,0.44132277369499207
456,-4.9104901336249895e-06,8.73221949859726e-07,0.3201121687889099
457,1.6808812688395847e-06,-1.9252399852121016e-07,-1.4089016914367676
458,7.608744454046246e-06,-8.306617473863298e-07,-1.7899359464645386
459,4.89852754981257e-05,2.9214669439170393e-07,0.8082059025764465
460,3.5651042708195746e-05,-3.1411846634910034e-07,5.049199104309082
461,6.7942437453893945e-06,-1.292069782721228e-06,-2.3202497959136963
462,3.1300489808927523e-06,-2.5640477474553336e-07,3.002561330795288
463,2.3297685402212664e-05,4.2551258161438454e-07,5.695616722106934
464,-2.8784837923012674e-05,-6.438116315621301e-07,-0.4340272545814514
465,7.18694582246826e-06,-1.2687022490354138e-06,-2.2504591941833496
466,4.57850364909973e-06,-4.023070232506143e-07,0.5609263181686401
467,2.2893891582498327e-06,-5.085607313048968e-07,1.7265092134475708
468,2.721203964028973e-05,1.2213150739626144e-06,-6.10206413269043
469,3.1916176794766216e-06,4.4633696916207555e-07,1.4930416345596313
470,1.5740877643111162e-05,-5.3322811055522834e-08,0.7688906192779541
471,5.038558811065741e-05,-1.272172198696353e-06,1.3438475131988525
472,3.7767038065794623e-06,-6.946971211618802e-07,3.418147563934326
473,1.7299476894550025e-05,-5.087455079433312e-08,0.527306079864502
474,7.471177468687529e-06,-1.0396405514256912e-06,-2.8607873916625977
475,1.5296528772523743e-06,-1.3198579154050094e-06,2.67464542388916
476,6.615597158088349e-06,9.672492495838014e-08,2.1936044692993164
477,1.089459692593664e-05,-3.5321860991643916e-07,0.6335946917533875
478,1.6554549802094698e-05,-7.124599505914375e-06,-4.058209419250488
479,3.991504854639061e-06,-3.664021619442792e-07,3.6710896492004395
480,1.7795906387618743e-05,-5.760540489063715e-07,4.102289199829102
481,-2.127411562469206e-06,3.659526370825006e-08,0.8355477452278137
482,-5.058991973783122e-06,5.447367712463347e-08,-1.2560267448425293
483,1.6282892829622142e-05,2.1034728092672594e-07,-2.2314860820770264
484,-1.0154038818654954e-06,8.280177610231476e-08,-2.834392786026001
485,-1.2833461369154975e-06,5.912363576499047e-07,1.3896085023880005
486,2.3377522666123696e-05,4.043597982672509e-06,1.038029432296753
487,1.2804057405446656e-05,1.7106235361552535e-07,-2.1018447875976562
488,5.583444362855516e-06,3.347232961914415e-07,1.3901960849761963
489,1.091276772058336e-05,-4.679511107497092e-07,3.467255115509033
490,1.021345451590605e-05,-8.854786415213312e-07,5.408322811126709
491,8.708244422450662e-06,-4.3072798661114575e-08,3.2033073902130127
492,1.5655521565349773e-05,-1.0271917005866271e-07,-0.6293624639511108
493,8.371593139600009e-06,-8.19603087620635e-07,1.0166786909103394
494,-2.5119334168266505e-07,1.4808148307565716e-06,0.5200369358062744
495,8.087808964774013e-06,1.180360698072036e-07,2.703021764755249
496,7.541862487414619e-06,-1.7898827309181797e-07,1.5192300081253052
497,9.429176316189114e-06,-4.783956683240831e-06,-3.60849666595459
498,1.5184776202659123e-05,-5.970651955067297e-07,1.1277846097946167
499,-5.8964151321561076e-06,-1.4302581803349312e-06,-0.35183149576187134
500,1.6896277088562783e-07,2.1506944847260456e-07,-0.15185901522636414
501,1.7132858829427278e-06,7.013673553046829e-07,-2.658029794692993
502,1.1136812645418104e-05,1.967933258129051e-06,2.453718900680542
503,1.512755625299178e-05,-1.2055338061145449e-07,2.8481674194335938
504,2.6442416128702462e-05,2.219657062596525e-07,2.2991223335266113
505,4.096836164535489e-06,-8.760343206404286e-08,-1.8993526697158813
506,4.213068677927367e-06,2.7822951054190526e-08,-2.0373830795288086
507,3.760033450816991e-06,-1.8333345508381171e-07,3.9605565071105957
508,-8.117794095596764e-06,1.3356954298160417e-07,-3.0478525161743164
509,-8.803282071312424e-06,-6.594230512746435e-07,2.947479486465454
510,3.730981916305609e-05,-7.872268383835035e-07,-0.38988566398620605
511,5.9847207012353465e-06,-3.635257428413752e-07,2.883545160293579
512,4.84056454297388e-06,3.3073733902710956e-06,-3.656916379928589
513,6.757091341569321e-06,-5.715802444683504e-07,1.695482850074768
514,2.1987154923408525e-06,-2.597110551505466e-06,-4.414521217346191
515,-2.154724825231824e-05,1.127685109736376e-07,-1.300915002822876
516,1.8715212718234397e-05,-1.3928557791587082e-06,1.3868767023086548
517,-2.76981336355675e-06,-2.1301508468241082e-07,1.2387843132019043
518,2.765455428743735e-05,-1.3454555869429896e-07,-1.081508994102478
519,1.5193685385384015e-06,-1.5361457883500407e-07,0.5185977220535278
520,9.762724175743642e-07,-7.808287705302064e-07,0.18050792813301086
521,1.922336196003016e-05,-9.567439519742038e-06,4.697318077087402
522,-1.5847439271965413e-06,-2.390931115314743e-07,1.3458857536315918
523,1.04761820693966e-05,3.5443008528091013e-07,2.0284523963928223
524,2.6919591618934646e-05,2.8714830477838404e-06,-2.500967025756836
525,3.187161200912669e-05,-5.884830898139626e-07,-0.9445996284484863
526,9.792644050321542e-06,-3.4139455351578363e-07,1.1949095726013184
527,6.442146514018532e-06,-3.115385709406837e-07,-3.535778760910034
528,1.5601453924318776e-05,3.5107134976897214e-08,1.8731720447540283
529,2.2192247342900373e-05,7.666731676181371e-07,1.942525863647461
530,7.374944289040286e-06,-7.997006150617381e-07,-4.2605061531066895
531,3.910319719580002e-06,-5.303954253577103e-07,1.3484989404678345
532,3.1606767151970416e-05,4.62214643448533e-07,5.520911693572998
533,1.1811547665274702e-05,2.286598146383767e-07,0.8478290438652039
534,8.90804767550435e-06,-6.934831731086888e-07,-1.6277395486831665
535,1.2340930879872758e-05,1.442730450662566e-07,1.1812905073165894
536,5.361060289033048e-07,-1.1534004897839623e-06,0.36563342809677124
537,6.5130343500641175e-06,-6.122147055975802e-07,4.279250621795654
538,3.125020521110855e-05,5.592688467004336e-06,0.04703084006905556
539,1.2750841051456518e-05,-2.3260960801962938e-07,1.7145440578460693
540,-2.6285772491974058e-06,8.018647577046067e-07,3.4857544898986816
541,1.0152009963348974e-05,-4.01374194325399e-07,-2.6788995265960693
542,-6.955328444746556e-06,-1.2160141693584592e-07,1.2881944179534912
543,1.5562465705443174e-05,1.1276662235104595e-06,0.3428913354873657
544,2.281789420521818e-06,4.4870773763250327e-07,6.386231422424316
545,-2.1114151138590387e-07,2.4662264763719577e-07,-3.9595589637756348
546,-2.3795166725903982e-06,-2.307578910176744e-07,0.10306903719902039
547,1.9928162146243267e-05,-4.43357237145392e-07,-2.2610268592834473
548,1.8300755982636474e-05,2.440201797071495e-06,2.6060798168182373
549,-2.501346534700133e-05,-7.23434993687988e-07,0.41988980770111084
550,6.208996182976989e-06,6.774207008675148e-07,-2.1009697914123535
551,-1.3444936485029757e-05,1.6039759032082657e-07,-0.9837545156478882
552,6.493296496046241e-06,1.9770150174736045e-06,-1.0273964405059814
553,1.1242886102991179e-05,-7.950435247039422e-06,-7.351133823394775
554,3.85644943889929e-06,-2.059480948446435e-06,2.330981969833374
555,-2.2788959540775977e-05,-5.802666009913082e-07,2.4828085899353027
556,2.558447931733099e-06,5.3095817520443234e-08,4.337777614593506
557,2.0369896446936764e-05,1.630375834338338e-07,5.321798324584961
558,-9.390106242790353e-06,1.6950914982771792e-07,-1.0926412343978882
559,1.7560549167683348e-05,-3.9951007124727766e-07,-0.023577142506837845
560,4.954355063091498e-06,4.1966586650232784e-07,-0.5921385288238525
561,5.949917067482602e-06,-1.7408281394182268e-07,-0.3895699679851532
562,-8.537518624507356e-06,3.9645334481974714e-07,0.08793707191944122
563,1.1974714652751572e-05,3.811245221641002e-07,1.888754963874817
564,5.9367289395595435e-06,4.273255527209585e-08,-1.1621372699737549
565,-1.7568369514719961e-07,-5.035832373323501e-07,0.9789153337478638
566,-1.2438247267709812e-06,-5.428741474133858e-07,-2.600970506668091
567,1.8974778868141584e-05,-9.193892083203536e-07,-2.047893524169922
568,3.158932668156922e-05,-1.8546442106526229e-06,3.944319725036621
569,8.086957677733153e-06,-3.454282762049843e-07,2.1468329429626465
570,3.1681636755820364e-05,-1.5609959547191465e-08,3.476562738418579
571,1.2588222489284817e-05,2.348744828850613e-06,-0.035536028444767
572,-4.743425506603671e-06,-3.7093956795075655e-09,1.7826420068740845
573,2.838971113305888e-06,-8.756766760598111e-07,-0.3566502034664154
574,2.3810634957044385e-05,-5.944028771409648e-07,5.301926136016846
575,1.4211112784323632e-06,-2.844547282165877e-07,4.068904876708984
576,7.111545983207179e-06,-4.833395337300317e-07,1.9067928791046143
577,2.6012501166405855e-06,2.4478136850802912e-08,0.467276006937027
578,2.6432066988490988e-06,1.1171748326432862e-07,4.105808258056641
579,1.3405106074060313e-05,-7.048770953588246e-07,-1.6984068155288696
580,2.0258710719645023e-05,-6.158138035061711e-07,-0.7527768611907959
581,-1.265687751583755e-05,-1.9084318410023116e-06,-2.1418018341064453
582,4.529139187070541e-05,3.631825222782936e-07,1.9868354797363281
583,-3.4379816042928724e-06,-4.834135438613885e-07,2.6047918796539307
584,7.80944901634939e-06,-7.03695889114897e-07,1.3660035133361816
585,-3.911708517989609e-06,-3.235704298276687e-06,-3.093843936920166
586,4.9753361963666975e-06,-2.1174550113300938e-07,3.962700605392456
587,1.631852865102701e-05,-8.43419115881261e-07,2.2867753505706787
588,7.87689316439355e-07,2.1653323756254395e-07,-1.0869897603988647
589,-5.7210263548768125e-06,4.071831654073321e-07,1.6223466396331787
590,8.334818630828522e-06,-4.636794415091572e-08,3.2326550483703613
591,3.2218995329458266e-05,2.3060491116666526e-07,4.438642501831055
592,1.2005585631413851e-05,-4.673624971474055e-07,2.120532512664795
593,5.907456397835631e-06,-6.063625050956034e-07,3.3247528076171875
594,1.0887583101748532e-07,1.0100851568495273e-06,1.9520820379257202
595,-2.7890066576219397e-06,-2.0665873989855754e-07,0.8851958513259888
596,4.650873961509205e-06,-3.592098778426589e-07,0.8763351440429688
597,1.1781748071371112e-05,2.513676911064522e-08,3.208360433578491
598,3.185800233040936e-05,8.079956046458392e-07,-1.083199143409729
599,1.8763354091788642e-05,2.7207597668166272e-06,-3.8220527172088623
600,-7.240439117595088e-06,4.909336581704338e-08,1.7406272888183594
601,2.0101229893043637e-05,2.436667614347243e-07,1.5165424346923828
602,-2.4484043024131097e-06,-1.937081464120638e-07,-2.2178726196289062
603,1.026080826704856e-05,-4.991655373487447e-07,-0.37968188524246216
604,-8.090009373518114e-07,-7.525389378315595e-07,-1.6099536418914795
605,-1.0403003216197249e-05,-2.20850111531945e-08,2.9326975345611572
606,1.4675325473945122e-05,-1.1163503188527102e-07,0.3748354911804199
607,7.194445061031729e-06,9.946489853973617e-07,0.591518759727478
608,2.8871976610389538e-05,-6.140947448329825e-07,1.0909779071807861
609,3.275242534073186e-06,-6.818304427724797e-07,-3.559170722961426
610,6.1770483625878114e-06,1.1363575680434224e-07,-0.12784256041049957
611,2.8406240744516253e-05,4.474312049751461e-07,-1.5552414655685425
612,-1.1841090781672392e-05,-1.0039195785793709e-06,-0.49895408749580383
613,1.3584701264335308e-05,-6.716450062782542e-09,4.629208564758301
614,-2.7740692530642264e-05,1.5637279204838705e-07,3.0848419666290283
615,1.4257957445806824e-05,8.376086952921469e-07,1.9623016119003296
616,8.909817552194e-06,5.601396324550478e-08,-1.8905818462371826
617,-1.0005178410210647e-05,1.5653868956633232e-07,3.5328269004821777
618,1.6717156540835276e-05,3.328313482597878e-07,0.3466787338256836
619,1.3902538739785086e-05,1.6285732726828428e-06,-2.955207347869873
620,1.1841426385217346e-05,-1.2884050875072717e-06,-0.3730370104312897
621,2.4346500140381977e-06,-4.737782364827581e-05,2.5936169624328613
622,4.952004474034766e-06,-2.2380054076620581e-07,2.3611249923706055
623,3.6138297332399816e-07,-2.5086552568609477e-07,0.4696190059185028
624,8.921932931116316e-06,-3.8173396887941635e-07,1.4190175533294678
625,8.565205462218728e-06,-7.491360065614572e-07,0.4799439311027527
626,5.125210009282455e-06,1.648917731245092e-07,-1.835543155670166
627,9.556469194649253e-06,5.965177933831001e-07,4.439772605895996
628,1.153585071733687e-05,4.039997918425797e-07,1.7231078147888184
629,4.234334119246341e-05,9.187136811306118e-07,0.8266136646270752
630,2.552951400502934e-06,-1.7456372916058172e-06,-3.4981918334960938
631,2.0941915863659233e-05,-1.4264300034483313e-06,-6.013295650482178
632,2.216777147623361e-06,-1.453583422517113e-07,1.1918628215789795
633,-1.4851098057988565e-06,2.985820231060643e-07,2.6517081260681152
634,2.7453044822323136e-05,9.235988329692191e-08,2.3211286067962646
635,5.176901140657719e-06,-7.838755777811457e-08,1.7242473363876343
636,9.357406270282809e-06,-2.1851211329249054e-07,2.229193687438965
637,2.7097696602140786e-06,1.1331538019021536e-07,-1.6235668659210205
638,5.308797881298233e-06,-1.1854071999550797e-06,-0.5190824270248413
639,2.488218160578981e-05,-9.145349508798972e-07,0.008934922516345978
640,-3.289074129497749e-06,-1.686041599668897e-07,-0.8546390533447266
641,-6.469902473327238e-06,-8.42644794829539e-07,-0.13119839131832123
642,7.367365924437763e-06,-1.914054159612988e-08,2.8560380935668945
643,4.4693083509628195e-06,4.125813575228676e-07,2.811819076538086
644,4.7402531322404684e-07,2.167122147511691e-06,-2.717719078063965
645,-8.176104529411532e-06,-5.86428768656333e-07,5.1639556884765625
646,3.994521648564842e-06,-5.554422841669293e-07,-4.252238750457764
647,-1.748901581777318e-06,2.157493327104021e-06,-1.7117589712142944
648,6.275329269556096e-06,-8.128533579565556e-08,0.591485321521759
649,5.076208708487684e-06,-5.58228805402905e-07,-1.3345823287963867
650,9.113519809034187e-06,9.584510962667991e-07,-1.0116400718688965
651,3.243582614231855e-05,-3.421197334319004e-07,6.418525695800781
652,9.460494766244665e-06,-9.83335098680982e-07,-2.014228105545044
653,-7.119669135136064e-06,2.608006184345868e-07,-0.8761671781539917
654,3.030124025826808e-05,3.2144686201718287e-07,1.5312124490737915
655,1.2128404705435969e-05,-2.348124894524517e-08,0.39736226201057434
656,9.804130058910232e-07,2.409726391761069e-07,-0.5495282411575317
657,7.89308687672019e-05,-1.73613825609209e-05,-4.3723578453063965
658,2.2790953153162263e-05,-1.15567445391207e-07,-1.0887010097503662
659,-4.416619049152359e-06,-2.915774643952318e-07,0.38345131278038025
660,1.3062348216408282e-06,2.2989163994679984e-07,2.209074020385742
661,4.399537374411011e-06,-1.0100813597091474e-05,-3.2368550300598145
662,8.024580893106759e-06,-6.628324626944959e-07,1.8948547840118408
663,4.0111717680701986e-05,8.273914318124298e-07,2.7782976627349854
664,5.260574653220829e-06,1.2660721893098525e-07,-0.5664093494415283
665,-3.662076551336213e-06,1.5600323877151823e-07,1.6098213195800781
666,1.8414804799249396e-05,3.787651792208635e-07,2.8207242488861084
667,1.462708314647898e-05,-1.000871748146892e-06,-3.4438652992248535
668,1.6339590729330666e-05,9.349316201223701e-07,0.5214806795120239
669,4.843302122026216e-06,1.4827152483576356e-07,-0.6592571139335632
670,8.339315513694601e-07,1.9971548681496643e-06,-1.768792986869812
671,1.1059489224862773e-05,-1.3305395896168193e-07,1.7234946489334106
672,3.9557806303491816e-05,-2.3451646313787933e-07,2.7512857913970947
673,3.347164238221012e-05,-1.5123565617614076e-06,2.7514848709106445
674,2.3984701329027303e-05,-1.7181262137455633e-06,0.2632957100868225
675,1.6908212273847312e-05,4.950884886056883e-06,-4.624983787536621
676,1.1571034974622307e-06,-8.156309263540606e-07,2.5706803798675537
677,1.6181085811695084e-05,-2.1290778917659736e-08,3.3874785900115967
678,7.137518423405709e-06,1.112491418098216e-06,0.5404833555221558
679,1.659431836742442e-05,2.5265416070396896e-07,3.8862838745117188
680,2.6032487312477315e-06,5.219181531401773e-08,1.184996485710144
681,2.071824019367341e-05,-9.320199296780629e-07,1.7019693851470947
682,-8.130489732138813e-06,-5.482584342075825e-08,-1.0417426824569702
683,9.295912605011836e-06,-2.5056402819245704e-07,1.032145380973816
684,1.8098033251590095e-05,8.700254511495586e-06,-4.306246280670166
685,2.847353243851103e-05,8.638498911750503e-06,1.9081610441207886
686,-2.346160499655525e-06,3.753463317934802e-07,-2.030473470687866
687,4.232981154927984e-05,6.73362137604272e-07,5.093810558319092
688,-1.778403930075001e-05,3.513644131203364e-08,0.502089262008667
689,4.574682861857582e-06,1.592653825355228e-05,4.8907670974731445
