Sample Index,dry_DC,wet_DC,SNR
0,-1.0155597465200117e-06,-2.616401070554275e-05,-0.6407672166824341
1,-1.4622719390899874e-07,4.3676340055753826e-07,1.2672829627990723
2,-1.7428398280117108e-07,-5.081770950710052e-07,-0.23048923909664154
3,1.6625132559511258e-07,-2.0908447595502366e-07,-0.8500155806541443
4,-2.6631391847331543e-06,1.721413354971446e-06,-2.3465564250946045
5,-1.1834502089413945e-07,-1.2526032833193312e-06,-1.917418122291565
6,-1.4096945051278453e-06,6.154123752821761e-07,0.12338709831237793
7,1.821070867435992e-07,8.795689865337408e-08,-0.6088722348213196
8,-6.262808938117814e-07,-1.982785704512935e-07,-0.5741538405418396
9,-7.719932909822091e-06,-1.8599164377519628e-06,-1.5063608884811401
10,-7.191072199930204e-07,-0.0013821155298501253,5.614228248596191
11,6.967932222323725e-07,2.617284167172329e-07,-1.6903537511825562
12,2.792021120967547e-07,-7.862877282605041e-07,-2.9019694328308105
13,-6.2591720961791e-07,5.462609351525316e-07,1.4684791564941406
14,-9.90556236502016e-06,-9.157690783467842e-07,-1.9861901998519897
15,-6.419567171178642e-07,2.497812943147437e-07,-1.5005216598510742
16,-3.58879947270907e-06,1.727138510432269e-06,-0.6831411123275757
17,4.364564119896386e-06,-5.605443220702e-07,-2.1729557514190674
18,-8.171424070724242e-08,1.5472623715595546e-07,-1.32392156124115
19,-3.5437140013527824e-06,-4.964665095030796e-06,-1.4435189962387085
20,-1.0906306897595641e-06,5.882426421521814e-07,0.41194266080856323
21,1.702968006611627e-06,6.777634666832455e-07,-0.8343797922134399
22,-5.061347110313363e-07,-3.161789265959669e-07,-0.159092515707016
23,-4.315756996220443e-06,0.0003335185756441206,3.1557228565216064
24,-3.364529447935638e-06,1.7555081512909965e-06,-2.2361536026000977
25,-1.5432779036927968e-06,-1.181885636469815e-06,0.24461382627487183
26,-2.352679189243645e-07,-6.105459959826476e-08,-1.5030345916748047
27,5.409167442849139e-06,5.163894911675015e-07,-2.444596529006958
28,-9.065866493074282e-07,-2.7422328230386483e-07,-1.8518704175949097
29,6.34323077974841e-06,4.2144151279899233e-07,-0.389647513628006
30,-2.6365114536019973e-07,-5.871864345863287e-07,-1.5647631883621216
31,1.288331077375915e-07,-5.379217782319756e-07,-3.7166123390197754
32,-5.816356178911519e-07,0.0001138044535764493,-3.060072422027588
33,-1.6213655271712923e-06,-1.739496298114318e-07,1.425067663192749
34,-2.071796416203142e-06,-1.322590105701238e-05,-1.5209518671035767
35,3.907974587491481e-06,-4.340334669450385e-07,0.720062255859375
36,-1.3400074294622755e-06,-5.263183311399189e-07,-1.7834638357162476
37,-3.8085263440734707e-06,3.89038905268535e-05,5.995820999145508
38,-3.808288511208957e-06,5.6297402295513166e-08,-2.4421026706695557
39,5.766777348981122e-07,1.801424076575131e-07,-1.446336269378662
40,2.166191137575879e-07,1.0063941999760573e-06,-2.1539530754089355
41,2.728105073401821e-06,8.611249313617009e-07,-2.817385673522949
42,2.893245891755214e-06,-1.1293452928384795e-07,-2.484321117401123
43,-5.323058758222032e-06,-7.190555493252759e-07,-1.1007728576660156
44,-1.176955606752017e-06,-1.2083165756848757e-07,-1.862056016921997
45,2.2992626327322796e-06,1.5982440118023078e-06,-1.4553369283676147
46,-1.6321644125127932e-06,1.0217177077720407e-06,-3.896483898162842
47,-2.302189386682585e-06,-3.450978454111464e-07,1.95638906955719
48,2.8120308570578345e-07,-1.2793759651685832e-06,-1.4764132499694824
49,-1.8198425095761195e-06,-1.087493757268021e-07,5.785055637359619
50,8.726269129510911e-07,-2.0486861274093826e-07,-3.255506992340088
51,-4.118973265576642e-06,2.523970294987521e-07,-2.3820576667785645
52,-2.4541132006561384e-06,3.42483758686285e-07,-1.4984394311904907
53,-3.540773377608275e-06,3.3830431789283466e-07,-3.871553897857666
54,-8.792942196578224e-08,-7.710483487244346e-07,-0.006147866137325764
55,8.208342023863224e-07,8.107460871542571e-07,0.04021912068128586
56,-4.413030012528907e-07,-8.360416359209921e-07,-1.2861361503601074
57,-2.7787032763626485e-07,0.0013994378969073296,-3.0981361865997314
58,-1.3760515003014007e-06,4.199542900096276e-07,-1.0332177877426147
59,-7.012071819190169e-06,5.115819021739298e-07,-1.0502482652664185
60,-1.7706304333842127e-06,-1.3353973145058262e-06,-5.056211471557617
61,-2.9765387807856314e-06,-4.348152288002893e-06,-1.4406728744506836
62,2.2568879103346262e-06,-5.329986265678599e-07,2.007864475250244
63,-3.401763706278871e-06,1.0464787010278087e-06,3.2685675621032715
64,-1.4364812841449748e-06,-7.193639248725958e-07,-0.8953685164451599
65,-8.565652933612e-07,-1.7491284864945555e-08,1.5124083757400513
66,2.2398942292056745e-06,-5.572389341068629e-07,0.7230503559112549
67,1.0039201470135595e-06,-1.4699450048283325e-06,-2.4646389484405518
68,-5.1671750043169595e-06,-1.761208920925128e-07,0.9877386093139648
69,5.601700650004204e-07,1.9392301453535765e-07,1.3515658378601074
70,1.3680127040061052e-06,-1.0161949148823624e-06,0.8529262542724609
71,-2.396041054453235e-06,-5.854755613654561e-07,-1.9194445610046387
72,-2.0823068780373433e-07,-2.8266999834158923e-06,0.09047962725162506
73,1.7261188531847438e-06,-5.491662022905075e-07,3.963780641555786
74,-3.839732926280703e-06,-1.0406552064523567e-07,4.210630893707275
75,1.8847556475520832e-06,-1.6867631984496256e-06,-2.6144394874572754
76,-1.7866668713395484e-05,3.3187259873557196e-07,-2.0077219009399414
77,-2.4293615297210636e-06,1.8768438394545228e-06,-2.626755714416504
78,-4.888263902103063e-06,-2.1927258785581216e-05,3.343134880065918
79,-1.1707455769283115e-06,1.2927996522194007e-06,-2.0907857418060303
80,2.00306999431632e-06,-0.0007573298062197864,2.0725338459014893
81,-1.3277232255859417e-06,1.2658698551604175e-06,-1.8335212469100952
82,4.1077764763031155e-06,-5.63182879886881e-07,-1.1109068393707275
83,-4.862888545176247e-06,2.620042778289644e-07,-3.282382011413574
84,-1.5796504158060998e-06,-2.0919078451697715e-06,-1.7058908939361572
85,-4.878677827946376e-06,-6.342306679840704e-10,-1.4314044713974
86,5.839299319632119e-07,-2.1503248603949032e-07,-0.386478453874588
87,-2.5493022803857457e-06,2.2283953171609028e-07,-2.442600965499878
88,-1.470260286851044e-07,-5.858249778611935e-07,1.1315879821777344
89,1.7697750536171952e-06,-5.460894499265123e-06,-3.449094772338867
90,7.200166578513745e-07,1.0540553603277658e-06,-1.2831758260726929
91,-2.0396709032866056e-07,-1.965654064406408e-06,0.713999330997467
92,-8.379481641895836e-07,-4.201298509087792e-07,5.84986686706543
93,3.8421713810521396e-08,-2.1861708887627174e-07,-1.5322774648666382
94,-8.061390985858452e-07,-5.107261813463992e-07,2.611238956451416
95,4.198551266654249e-07,7.485789410566213e-07,2.5252723693847656
96,-3.6073382148060773e-07,3.5651481766763027e-07,1.0569595098495483
97,-7.17239709047135e-06,-8.993671372081735e-07,0.8813807964324951
98,1.7103459981626656e-07,-1.0429403118905611e-06,-2.708791494369507
99,-2.26961719818064e-06,-7.719469863332051e-07,0.37522679567337036
100,-1.139282858275692e-06,1.5200780012492032e-07,-0.22569963335990906
101,-4.321590552081034e-07,1.153489620264736e-06,-2.0693650245666504
102,4.050196196203615e-07,-5.696464882021246e-07,-1.1987890005111694
103,7.637627277290449e-07,3.3113445851995493e-07,3.693997859954834
104,-3.04654327010212e-06,7.674070161556301e-07,-1.386096715927124
105,-3.166273359056504e-07,5.3842786229552075e-08,1.1838926076889038
106,-1.513464326308167e-06,1.1268732578173513e-06,-2.9016640186309814
107,-4.342738577634009e-07,-1.3931400644651148e-05,-0.36583420634269714
108,-1.6995472833514214e-06,-8.305518690576719e-07,-1.401138424873352
109,5.168188295101572e-07,-1.4770915868211887e-07,-5.4913434982299805
110,-6.540417416545097e-07,-4.3555627371461014e-07,0.4398043751716614
111,1.1046596455344115e-06,2.7929252155445283e-06,-2.0110981464385986
112,-8.460506819574221e-07,2.0550376120809233e-06,0.9822125434875488
113,-1.3605761068902211e-06,5.889753538212972e-07,-1.3864526748657227
114,-1.7627212400839198e-07,8.591110827183002e-07,0.7130271792411804
115,-5.346615807866328e-07,3.588837103052356e-07,-0.7015473246574402
116,1.2083444289601175e-07,6.955500430194661e-05,-2.7755508422851562
117,1.3014346222917084e-06,-2.8468784663004953e-08,-2.2546427249908447
118,2.2952388007979607e-06,-1.7307465682847578e-08,-3.7822234630584717
119,7.269084676408966e-07,-1.7196126123053546e-07,1.7019989490509033
120,9.31297449824342e-07,-2.279368374047408e-07,-1.5383825302124023
121,-1.0779686476780626e-07,-5.392527668846014e-07,-2.2489986419677734
122,-1.348020077784895e-06,-1.3617793115372478e-07,5.843816757202148
123,-5.42382440471556e-06,1.5291544741558027e-07,2.150590181350708
124,1.3936213463239255e-06,0.00037561848876066506,1.3851165771484375
125,-7.906400014690007e-07,2.8783270522581006e-07,-3.57000470161438
126,-1.7886567320601898e-06,-5.2995048349657736e-08,-2.3384718894958496
127,-5.147857677911816e-07,-8.811800216790289e-05,2.9191229343414307
128,-1.8820255718310364e-05,-1.947581829142564e-08,-1.2084136009216309
129,-1.5675085478505935e-06,1.0243988981528673e-06,-1.8558107614517212
130,-2.9767338673991617e-06,7.793959753144009e-07,-2.61500883102417
131,-7.059877020765271e-07,-1.5949977978380048e-06,-3.81227445602417
132,-2.030439645750448e-06,-6.295256298471941e-07,4.3224639892578125
133,-4.338551207183627e-06,0.002045457949861884,3.4149885177612305
134,-1.9742585664062062e-06,-1.5334750003148656e-07,-2.431506633758545
135,-7.163631039475149e-07,-3.9419433051079977e-07,-3.735814332962036
136,-2.769318825812661e-06,1.4539398307533702e-07,-0.8419890403747559
137,-2.6856363888327905e-07,-1.91036747310136e-06,-4.0352935791015625
138,-1.925144715642091e-06,6.113742756497231e-07,0.5937012434005737
139,2.0538340095299645e-07,-6.970050890231505e-05,-2.100125789642334
140,-6.73691715746827e-07,-2.9435312853820506e-07,0.28775754570961
141,-3.952741280954797e-06,2.158756387871108e-06,-1.0791480541229248
142,-4.208311565889744e-07,2.2741033944839728e-08,-2.457632303237915
143,-1.193319462799991e-06,1.9729607174667763e-06,-2.93461275100708
144,-2.020894953602692e-06,1.6974880736597697e-06,-3.1420860290527344
145,4.162691311648814e-06,9.79975311565795e-07,-0.7569413781166077
146,6.39764607512916e-07,2.8674955743213104e-08,1.993467926979065
147,-6.347028715936176e-07,-2.696488536457764e-06,-1.772301435470581
148,-1.3040390456353634e-07,3.7812964137629024e-07,1.7449860572814941
149,5.170984877622686e-06,-9.765150110752074e-08,-3.809875249862671
150,1.7748139953255304e-06,5.433225283013599e-07,-0.17220602929592133
151,4.173791978701047e-07,-1.9979907506240124e-07,2.27730655670166
152,-1.7141769603767898e-06,1.2794998838216998e-06,-2.1988682746887207
153,2.8610238587134518e-06,1.139355504164996e-06,-3.2061543464660645
154,1.7508305916180689e-07,4.755181848281609e-08,-0.6053695678710938
155,6.921086423972156e-07,-1.1792764098572661e-06,-1.9640283584594727
156,-2.469066657795338e-07,-4.89081230625743e-07,-1.0019274950027466
157,-1.3943575538633013e-07,8.107068651952432e-07,3.8107361793518066
158,2.638730393300648e-06,0.0017344511579722166,2.203022003173828
159,-3.269525223004166e-06,-1.4831684325145034e-07,-2.7009568214416504
160,-4.876982302448596e-07,7.501142249566328e-07,-3.6590723991394043
161,-8.67146070504532e-07,9.390461741531908e-07,-1.5112636089324951
162,1.302301370742498e-06,8.560218702768907e-07,-2.8292620182037354
163,-6.919801194271713e-07,-6.342366987155401e-07,-0.12383484095335007
164,-6.5149329202540684e-06,-6.62424142205964e-08,-0.3294152319431305
165,-4.721168352261884e-06,-1.2397603654790146e-07,1.2731235027313232
166,-6.566308456967818e-07,2.3930124370963313e-07,-0.5226943492889404
167,-9.203618560604809e-07,5.609446134258178e-07,0.8990465998649597
168,4.500571776588913e-06,-4.009007170679979e-07,-1.220081090927124
169,3.663750931082177e-06,-4.225464067530993e-07,0.7375887036323547
170,8.886531190910318e-07,1.0806345329683609e-07,-1.3327534198760986
171,-1.3431529168883571e-06,-7.008272291386675e-07,0.8043186664581299
172,5.564251637224515e-07,-1.1961077461819514e-06,-3.2574985027313232
173,-2.815090169860923e-07,-8.944061136162418e-08,3.0616421699523926
174,1.371605264921527e-07,-1.2773540447597043e-06,-3.74845552444458
175,8.416687791168442e-08,3.501530727589852e-06,-2.12956166267395
176,9.638024494051933e-07,-1.9609439050327637e-07,1.7970895767211914
177,3.9175989741124795e-07,1.693399667601625e-06,-3.248447895050049
178,-3.932292202080134e-06,0.00031280762050300837,-0.4866645038127899
179,-4.826145413971972e-06,3.177779603902309e-07,-3.501434803009033
180,-1.847765361162601e-06,1.171585836345912e-06,0.5888957381248474
181,2.4857724838511785e-06,4.726753033423847e-08,1.1726175546646118
182,-3.5224993553129025e-06,5.842187533744436e-07,-3.129441976547241
183,9.603986654838081e-07,3.501711205444735e-07,-0.05212831869721413
184,-5.355286134545167e-07,2.7707358185580233e-07,-3.0398035049438477
185,-3.1453562314709416e-06,3.6098109035265225e-07,2.3300065994262695
186,-7.765207215015835e-07,-0.00010345726332161576,0.18005745112895966
187,-8.332677907674224e-07,9.623356334031996e-09,3.2778186798095703
188,2.9178690965636633e-06,-9.597853249943e-07,-0.43903398513793945
189,-1.579863919687341e-06,7.510013801947935e-07,-2.8129868507385254
190,1.0861784858207102e-06,1.4836494983683224e-06,-2.803812026977539
191,2.0414004211488646e-06,-1.2115973504478461e-06,-1.0230379104614258
192,-1.5317788211177685e-06,-7.989747814463044e-07,3.744295835494995
193,8.10133542472613e-07,-1.2366008661501837e-07,-2.8522231578826904
194,-3.160261599077785e-07,4.5524036096367126e-08,0.19980870187282562
195,-2.36718278756598e-06,6.18064007085195e-07,-0.4377514123916626
196,6.065629349905066e-07,-5.125394295646402e-07,2.268193244934082
197,-6.113103836469236e-07,-4.4694152734336967e-07,0.8363229036331177
198,1.2489468872445286e-06,-1.0556522056504036e-06,1.356347918510437
199,-5.766842605225975e-06,-1.6600554317847127e-06,-2.282958745956421
200,1.5778495026097517e-06,-1.3712162854062626e-06,0.6367207169532776
201,3.494555187444348e-07,4.6693255484342444e-08,0.29681459069252014
202,-1.754174604684522e-06,-3.783908084642462e-07,2.407335042953491
203,-6.982814397815673e-07,4.320172553029522e-10,2.798099994659424
204,-4.7451389946218114e-06,-4.280894074781827e-07,-0.7903661727905273
205,-3.3690967029542662e-06,-1.6068410104708164e-06,-1.8170537948608398
206,1.1731963240890764e-06,2.0813788523810217e-06,-3.7084200382232666
207,-3.567567773643532e-06,-9.763463140188833e-07,0.4676060676574707
208,2.1897433271078626e-06,6.345880683511496e-05,-2.7486519813537598
209,6.0062390616622e-08,4.837335865204295e-08,3.493103504180908
210,6.420075351343257e-06,-3.850345251521503e-07,-2.735609531402588
211,-4.2637250885491085e-07,2.1244504466721992e-07,-1.4408526420593262
212,5.0256871872988995e-06,-0.0023381884675472975,1.6573927402496338
213,-1.9829888060485246e-06,7.198644880190841e-07,-1.0818301439285278
214,-1.4973405768614612e-06,-4.89976002882031e-07,-2.8974337577819824
215,-2.7684479846357135e-06,-6.186724590406811e-07,-1.3178938627243042
216,1.6887593119463418e-06,-1.2494740353474754e-08,-0.19876113533973694
217,3.4286594541299564e-07,-7.807568067619286e-07,-0.09766878187656403
218,2.416280040051788e-06,-1.0940732863673475e-05,-3.3995308876037598
219,-3.766454710785183e-06,1.4286199530033628e-06,-0.7213547825813293
220,-2.321273086636211e-06,-7.732178914920951e-07,-0.47189369797706604
221,-1.156973894467228e-06,2.0069856532245467e-07,-3.8722870349884033
222,-8.846009222907014e-07,0.0001265673345187679,-2.994568109512329
223,-7.655662557226606e-07,-7.488916509146293e-08,1.7881555557250977
224,-5.524860625882866e-06,5.232030275692523e-07,-2.194911479949951
225,3.3132172916339186e-07,-2.140955075446982e-06,-0.429116815328598
226,1.2098560091544641e-06,5.457946272713343e-08,2.6835618019104004
227,-6.942773779883282e-06,0.0005992621881887317,2.2449495792388916
228,-5.015867827751208e-06,-5.441883672574477e-07,1.003106713294983
229,-3.2836860555107705e-06,-6.678225190626108e-07,-2.726611852645874
230,5.961488795946934e-07,3.182711054705578e-07,-4.66989803314209
231,1.0566462833594414e-06,-1.0265206356052659e-06,0.36287936568260193
232,1.7090142137021758e-06,4.295321105018957e-06,-1.7007203102111816
233,-1.2868791827713721e-06,-2.521926205645286e-07,0.8004680275917053
234,-7.66670325447194e-07,-2.725344359078008e-07,0.5448628067970276
235,-3.467709674964681e-08,7.182020453910809e-07,-1.5959042310714722
236,-4.0577072013547877e-07,-0.0005362482042983174,4.794253349304199
237,-5.37496077868127e-07,-1.6057980189998489e-07,-2.008721351623535
238,2.5752522105904063e-06,2.3603253794135526e-05,1.7500842809677124
239,-1.4042598195374012e-07,1.13577812044241e-06,-2.7496590614318848
240,4.757661287158044e-08,-2.498281048701756e-07,3.1786184310913086
241,2.0514446532615693e-06,-7.938645012472989e-07,0.0070213256403803825
242,-5.208077027418767e-07,-9.963641787180677e-07,-0.43670105934143066
243,-1.0856772405531956e-06,4.9366451548849e-07,1.6824603080749512
244,-8.707190772838658e-07,7.187086339399684e-07,-0.9483004212379456
245,-1.0152505183214089e-06,-2.0899938135698903e-07,0.698434054851532
246,5.571693009187584e-07,3.7928217011540255e-07,-1.3749704360961914
247,-2.653466026458773e-06,-1.5947712199704256e-06,1.543053388595581
248,-4.207538950140588e-06,1.001187456495245e-06,-2.031463623046875
249,-9.89540808404854e-07,1.184619350169669e-06,-0.5106801390647888
250,-3.2563220884185284e-06,-2.7896919618797256e-06,-2.644622564315796
251,-3.7211621020105667e-06,0.000267146184341982,-2.9263899326324463
252,-1.5677034070904483e-06,-3.847522020805627e-05,-2.3435471057891846
253,-6.14303644397296e-06,-5.506877869265736e-07,-1.427596092224121
254,3.8146345104905777e-07,4.904906631963968e-07,-2.11588191986084
255,1.2737605459278711e-07,-7.650360771549458e-07,0.18532070517539978
256,-1.6795818282844266e-06,0.0001270496577490121,0.13993002474308014
257,1.21364746519248e-06,-4.318333139963215e-07,3.0283820629119873
258,-4.155504484515404e-06,6.998683943493234e-07,-2.2441933155059814
259,4.472811269806698e-06,1.102468800695533e-07,-1.6478239297866821
260,4.1364236835761403e-07,-2.3055723374909576e-07,-0.7994128465652466
261,-1.350270622424432e-06,7.721433803453692e-07,-1.3385083675384521
262,1.2806902986994828e-06,-2.1402025041084016e-08,0.2853803038597107
263,-9.342292628389259e-07,-6.159249892334628e-07,-1.0935335159301758
264,7.809591693330731e-07,2.1139706518624735e-07,0.26930829882621765
265,-7.848737482163415e-07,4.130593822537776e-07,5.54647159576416
266,-1.6751620250943233e-06,1.020519789562968e-06,-4.272631645202637
267,-9.332857757726742e-07,1.2509518398928776e-07,-0.5004497766494751
268,-3.089250526500109e-07,1.0979926656773387e-07,-0.6629753708839417
269,1.6600023400314967e-06,-2.6562018362596973e-08,-4.276780128479004
270,6.504245106953022e-07,-3.065818532377307e-07,-0.500431478023529
271,-8.365213943761773e-07,1.4911533696704282e-07,-2.633279800415039
272,-8.806754863144306e-07,2.8109477625548607e-06,-1.9591727256774902
273,-2.672136645287537e-07,1.61777947482733e-07,-1.314246654510498
274,-1.4946423334549763e-06,1.2302798495511524e-06,5.187754154205322
275,1.4072801377551514e-06,-9.946892021162057e-08,-4.374839782714844
276,-1.7555290696691372e-06,-3.3515999575683963e-07,1.0457382202148438
277,1.2129526112403255e-06,1.9219297087147424e-07,0.6787634491920471
278,-5.565854053202202e-07,-6.123897833276715e-07,-0.34253981709480286
279,-7.543065407844551e-07,1.1119153668914805e-06,-4.223707675933838
280,5.905760858126996e-08,2.2696979158354225e-06,-2.2163302898406982
281,-1.044272494254983e-06,-1.3195626706874464e-06,-3.811142921447754
282,3.670239721031976e-07,3.865198294761285e-08,-2.981289863586426
283,2.716356220844318e-06,-7.340661341004306e-07,1.7409824132919312
284,-2.8665031095442828e-06,4.6425964228546945e-07,-4.017181873321533
285,-4.9521245273354e-06,-9.085121632779192e-07,-2.846357822418213
286,-6.442819540097844e-07,1.2812290606234455e-06,-2.1390762329101562
287,-1.353936681880441e-06,1.8801241594701423e-06,-1.4042587280273438
288,-4.867413281317567e-07,8.211359272536356e-07,-1.33079195022583
289,-3.94803873859928e-06,-1.208850221701141e-06,-1.105122447013855
290,4.2297224922549503e-07,-7.867910767345165e-07,0.6510268449783325
291,-1.1357218454577378e-06,1.6933493895976426e-07,-0.7068678140640259
292,6.751662340320763e-07,3.6433303307603637e-07,2.7210116386413574
293,-1.673735710028268e-07,-3.654044178347249e-07,-0.8520252108573914
294,-1.8266472068262374e-07,3.3437685488024727e-05,-2.6783955097198486
295,3.5657258194987662e-06,3.792560619331198e-06,-1.6469687223434448
296,1.7052889234037139e-07,-5.213607892073924e-07,0.30008676648139954
297,-6.815424967498984e-06,0.00029395814635790884,5.0280070304870605
298,2.167933189411997e-06,-5.749520823883358e-07,0.41423097252845764
299,-9.505732236902986e-07,1.3026888154854532e-06,-1.8525865077972412
300,1.4157663486003003e-07,1.0705341537686763e-06,-1.3512070178985596
301,-2.553148306105868e-06,2.252315169926078e-07,0.10996367782354355
302,-7.409192676277598e-06,1.9132266970700584e-05,0.6422087550163269
303,1.4923904245733866e-06,1.2956792083684832e-08,1.919932246208191
304,-2.1915393517701887e-06,-1.3800128044749727e-06,-0.7542310953140259
305,9.286571298616764e-07,-6.121518367763201e-07,1.3601809740066528
306,7.946565574457054e-07,9.083312875191041e-07,2.4386003017425537
307,-7.007813564996468e-07,-9.645139016356552e-07,1.0067116022109985
308,4.891054686595453e-06,5.407158596426598e-07,3.1233668327331543
309,2.069197535092826e-06,3.143432536489854e-07,2.4086997509002686
310,1.0727019628120615e-07,-3.589474886211974e-07,-1.1864039897918701
311,-2.3710206278337864e-06,1.0380194908066187e-06,-5.153379917144775
312,1.8427092527417699e-06,-6.263782097448711e-07,-4.061087131500244
313,5.600657573268109e-07,-2.1613342937598645e-07,-2.4388394355773926
314,2.9631704023813654e-07,-1.442134021090169e-06,-1.9013346433639526
315,-1.643928726480226e-06,5.617622491627117e-07,-4.108145713806152
316,1.3242456589068752e-06,0.0004209799808450043,-2.9289121627807617
317,5.204007038628333e-07,6.075811711525603e-07,-2.0624027252197266
318,-8.018305379664525e-07,-5.589607212641567e-07,-0.5559120178222656
319,-1.170717155218881e-06,1.901173902751907e-07,-2.327310085296631
320,-1.436222305528645e-06,-1.999178039113758e-06,-0.17199084162712097
321,5.294254634691242e-08,1.346400182455909e-07,5.364912986755371
322,-5.808016112496261e-07,-1.6939291072048945e-06,-5.796576499938965
323,1.2825327075915993e-06,4.510046114347688e-09,2.9677975177764893
324,1.9580666048568673e-06,7.693638082173493e-08,0.1806037873029709
325,-1.2100581159302237e-07,3.479371173398249e-07,2.9152252674102783
326,-1.7780731695893337e-06,1.903687341098248e-08,-1.6639735698699951
327,-5.888046871405095e-06,6.469167033174017e-07,-3.6675925254821777
328,4.733258265332552e-06,-2.1609778286801884e-06,2.240504026412964
329,-3.82950524624448e-08,2.1284213502781313e-08,-0.9780234098434448
330,5.382772087614285e-06,-1.6951212273852434e-06,-2.933274269104004
331,-2.715860091484501e-06,-3.9378130622935714e-07,2.4857017993927
332,8.825915642773907e-07,3.702100457303459e-07,-2.4166998863220215
333,3.8001533084752737e-06,-2.1306761482264847e-05,-3.1998353004455566
334,3.1534609661321156e-06,-0.0005032689077779651,3.226163864135742
335,-1.8200491922470974e-06,-6.28848567885143e-07,-0.09232127666473389
336,-4.866486165155948e-07,-8.04947944743617e-07,-4.209297180175781
337,-1.1677038855850697e-06,-5.217573857407842e-07,0.23843659460544586
338,-2.695014700293541e-08,-8.55613038197589e-08,-2.209322690963745
339,5.100779389977106e-07,1.8508831090002786e-06,3.033759593963623
340,3.1988888622436207e-06,2.4171979475795524e-06,-3.395535707473755
341,-1.1803668940046919e-06,-2.3202653665066464e-06,-2.523573637008667
342,-7.386659035546472e-07,1.6899127786018653e-07,-2.994878053665161
343,1.6930224546740646e-06,-7.490169764423626e-07,0.9850884675979614
344,-2.1208784346526954e-06,1.0217819408353535e-06,2.1359269618988037
345,3.022900898486114e-07,1.7058684989024187e-06,-2.294795274734497
346,2.630908966239076e-06,-8.592899121140363e-07,-1.06468665599823
347,6.239861249923706e-08,1.3647156720253406e-06,-4.994405269622803
348,-4.835510480916128e-07,1.426540592319725e-07,-2.5423643589019775
349,-2.52652512244822e-06,-3.836161255321713e-08,-2.0467755794525146
350,-2.103249926221906e-06,-7.672044830542291e-07,-0.050601474940776825
351,-1.1263508667980204e-06,-6.743935045960825e-07,-1.2532347440719604
352,1.079243816093367e-06,4.490795504352718e-07,0.13136130571365356
353,-5.127508302393835e-07,-4.4969468149247405e-07,-1.270055890083313
354,-4.477750735532027e-06,-1.021763750941318e-06,-2.274198055267334
355,1.5014037444416317e-06,-6.534307885885937e-07,-2.1304104328155518
356,-2.130745087924879e-06,4.7667231228842866e-07,-4.751692771911621
357,1.7409105339538655e-06,2.1944323691514e-07,-2.8387694358825684
358,1.2937977089677588e-06,1.8398871759472968e-07,-4.0956830978393555
359,-1.721542844279611e-06,1.5447707824023382e-07,2.1782705783843994
360,-3.6264332266000565e-06,1.639127766850379e-08,-2.9693796634674072
361,-1.7008294435072457e-06,9.041978277224416e-10,-0.3885626196861267
362,4.6125333597046847e-07,3.6016456306242617e-07,1.571860909461975
363,-4.018582444587082e-07,-8.958708690443018e-07,-1.3046038150787354
364,-2.2832566628494533e-06,3.03411616187077e-06,-3.2241411209106445
365,-2.4730795757932356e-06,-5.405044589679164e-07,-7.270890235900879
366,2.0793047497136286e-06,8.229923196267919e-07,-1.2841678857803345
367,2.5530455332045676e-06,8.631599826003367e-07,-0.7952314615249634
368,7.131546908567543e-07,4.1233386127714766e-07,0.018979476764798164
369,-7.950309850457415e-07,3.761847722216771e-07,0.3138141632080078
370,3.2419579838460777e-06,7.812010380803258e-07,-1.9920533895492554
371,-4.9736740947992075e-06,-8.06953892151796e-07,1.7746387720108032
372,-1.557357620640687e-08,1.2750197129207663e-06,-2.7636001110076904
373,-8.291611663935328e-08,5.196777692617616e-07,-0.9244230389595032
374,-1.3016563116252655e-06,3.1723641313874396e-07,-0.6304856538772583
375,-4.487916612561094e-06,-1.0127448604180245e-06,-1.5483369827270508
376,1.149070499195659e-06,-9.74409090304107e-07,-0.9403741359710693
377,-1.5941448054945795e-06,5.217653153977153e-08,0.4788692593574524
378,1.389358089909365e-06,6.1050121757944e-07,-2.6834287643432617
379,5.034340574638918e-06,-2.3032137619338755e-07,-3.049220085144043
380,4.282477448214195e-07,1.8626510609465186e-06,-0.7194617986679077
381,-1.4871097846480552e-06,5.231527779869793e-07,-2.4834024906158447
382,-9.24823234527139e-06,-2.5036987949533795e-07,1.1092772483825684
383,-3.269808246386674e-07,1.1272230722170207e-06,-2.353422164916992
384,-3.1703336844657315e-07,-2.530731819661014e-07,-2.5285484790802
385,-1.4373920294019626e-06,-0.00021329772425815463,3.2686519622802734
386,-3.110844545517466e-06,9.496308734924241e-07,0.8072240352630615
387,5.531661827262724e-06,-3.207080396805395e-07,-0.9953212738037109
388,-2.990860892282399e-08,-9.353592531624599e-07,1.1817082166671753
389,-8.2489452779555e-07,6.167461492623261e-07,-1.1393041610717773
390,-8.558826607441006e-07,2.5794898306230607e-07,-1.2725176811218262
391,-2.052597665169742e-07,4.5587658092927086e-08,1.4696968793869019
392,-7.970845103955071e-07,-2.220185933765606e-06,-2.4000802040100098
393,-1.1563505495360005e-06,4.6360190708583104e-07,-1.1962199211120605
394,-1.6410481293860357e-06,0.00040510916733182967,2.364955186843872
395,-1.8289310901309364e-06,-2.8935025397913705e-07,-1.882023811340332
396,5.281796802591998e-06,-7.79236643211334e-07,-2.326214075088501
397,-1.3743974704993889e-06,-1.2796500925560395e-07,-3.5440993309020996
398,-3.156245611535269e-06,1.4341389942273963e-07,-2.459989070892334
399,-6.98001827004191e-07,1.3206023368184105e-06,1.4023268222808838
400,-2.2254587292991346e-06,-3.8520246903317457e-07,-6.037703514099121
401,-1.8429365127303754e-06,-1.0914700396824628e-06,-0.7879658937454224
402,-2.498036792530911e-06,1.2474146160457167e-07,-4.004491329193115
403,-2.0718900941574248e-06,7.176026883826125e-08,-0.6121950745582581
404,-2.5619381176511524e-06,4.935377546644304e-07,-2.9388532638549805
405,-1.6011297248041956e-06,-2.5428580556763336e-06,1.4612014293670654
406,2.0713396224891767e-06,-1.3515432328858878e-06,3.441342830657959
407,-1.117340502787556e-06,-8.106701443466591e-07,1.573494791984558
408,4.95591575599974e-06,-1.6030314782256028e-06,-3.4946177005767822
409,-1.1644013966360944e-06,-7.088465281412937e-07,-1.9033657312393188
410,-1.6157878235389944e-06,-3.041561512873159e-06,0.5446394681930542
411,-2.4136099909810582e-06,8.812563123683503e-07,0.6859784126281738
412,-4.223090854793554e-06,1.6662141888446058e-06,-0.16465626657009125
413,-3.8625299225714116e-07,9.999265557780745e-07,-1.904374122619629
414,-1.6239146134466864e-06,1.8338085965297068e-06,-1.6634626388549805
415,5.592091270045785e-07,-8.957271688814217e-07,0.5561540126800537
416,-3.3132209864561446e-06,6.199185520472383e-08,-3.071925401687622
417,-5.616247449324874e-07,1.5768604271215736e-06,1.6299086809158325
418,2.0629763639590237e-06,7.323129125325067e-08,-1.1440620422363281
419,-1.5473619896511082e-06,-6.612880270040478e-07,-1.6291834115982056
420,-2.8721467515424592e-06,1.1327098263791413e-06,-0.26896271109580994
421,-3.479879296719446e-06,-1.584969481882581e-06,-3.3127193450927734
422,-9.260664342036762e-07,-6.539190167131892e-07,1.4736891984939575
423,-1.6927263004617998e-06,1.2346708899713121e-06,-0.39472073316574097
424,3.6782939787372015e-06,3.3640387187006127e-07,1.7304542064666748
425,1.2557956097225542e-06,-6.00701696384931e-07,0.3482300043106079
426,4.364769097264798e-07,1.720279328765173e-06,-3.265273094177246
427,-2.063125293716439e-06,1.9567087949923234e-09,2.0040979385375977
428,-6.95446999543492e-07,3.0057272226713394e-09,-1.978983759880066
429,3.277612847796263e-07,-1.1181571153429104e-06,1.6719304323196411
430,-1.797567165340297e-06,-1.085354028873553e-06,-4.0366740226745605
431,-9.276168384531047e-07,-6.781742172279337e-07,1.7868735790252686
432,-6.862115355943388e-07,-1.2756884189002449e-06,-2.3556203842163086
433,3.3979454201471526e-06,-1.514591332352211e-07,4.281850814819336
434,-2.8482334073487436e-06,-5.372386908675253e-07,-3.7200121879577637
435,2.529252697058837e-06,3.381081478437409e-05,-1.2396647930145264
436,1.5291105626147328e-07,8.103734785436245e-07,2.853086233139038
437,-2.3168950065155514e-06,-1.760951704454783e-07,-2.5645530223846436
438,-1.8707103777160228e-07,-1.7666350515810336e-07,3.532119035720825
439,-1.77180766058882e-06,-2.373810502831475e-06,1.281787395477295
440,-2.3670347673032666e-06,-2.426201604066591e-07,-1.753821849822998
441,-9.974688737202086e-07,-9.62486751632241e-07,3.1785316467285156
442,-2.1077505607536295e-07,-6.234017178030626e-07,0.2365523725748062
443,-3.545091203704942e-06,1.3792394781830808e-07,0.5367899537086487
444,7.647764732610085e-07,6.964161229916499e-07,-0.9574427604675293
445,-2.7810419851448387e-06,-6.275550390455464e-07,1.605366587638855
446,-1.123367042055179e-06,-3.032462103647049e-08,4.010746002197266
447,2.789865334307251e-07,2.9705706765525974e-05,2.8975205421447754
448,-9.72251746134134e-06,8.862660934028099e-07,1.4899940490722656
449,4.0104890786096803e-07,-1.4881694596624584e-06,-3.234807252883911
450,-4.3042842889917665e-07,9.425573352928041e-07,0.5084789991378784
451,2.5007873105664657e-08,-1.1821102816611528e-06,1.7802817821502686
452,1.1622021247603698e-06,7.252227760545793e-07,-2.77030611038208
453,-1.3496950259650475e-06,-8.050420774452505e-07,-2.9598560333251953
454,4.952782433065295e-07,-7.903019536570355e-07,-0.4139019548892975
455,-8.763717232795898e-06,-3.363870746397879e-07,2.132479190826416
456,1.248261014552554e-07,3.7644056760655076e-08,0.24748104810714722
457,3.6499277484836057e-06,-1.6553923387618852e-06,0.10399262607097626
458,-2.1698417640436674e-06,-7.988465995367733e-07,3.1741414070129395
459,-1.1001918664987898e-06,1.983763695534435e-07,4.570521831512451
460,4.227057615935337e-06,1.1769358252422535e-06,-3.006913900375366
461,6.401262453437084e-06,-1.22976302918687e-06,0.11747479438781738
462,1.3787395118924906e-06,7.070575065881712e-06,0.28422537446022034
463,1.4412418067877297e-06,8.646046012472652e-07,-1.7465025186538696
464,1.924617890836089e-06,1.1637133638942032e-06,-4.662402153015137
465,1.23002848795295e-06,-7.239829642458062e-07,2.431303024291992
466,-4.873149919149e-07,1.4777463093196275e-06,-2.5269956588745117
467,3.109909698650881e-07,1.1680820080073318e-06,-3.3134877681732178
468,-9.696483402876765e-07,4.791808123627561e-07,-3.3765945434570312
469,1.264682055079902e-06,-3.8803125335107325e-07,-1.4909651279449463
470,-3.147479219478555e-07,-4.9006138169716e-07,3.4036638736724854
471,2.0737422801175853e-06,-1.2231317896294058e-06,-1.4628543853759766
472,-2.393023578406428e-06,1.339241521236545e-06,-0.5313726663589478
473,1.2514871059465804e-06,-1.4766216054340475e-06,-2.713313102722168
474,1.7314112028543605e-06,1.8217275510323816e-07,-2.2670767307281494
475,6.326586117211264e-07,-2.5364440716657555e-06,-1.2559051513671875
476,-2.6499938030610792e-06,-2.8849346023207545e-08,-3.435030460357666
477,5.222950107963698e-07,4.157251680680929e-07,1.2934503555297852
478,-3.883015324390726e-06,-2.0195567174141615e-07,-2.40439510345459
479,4.0062144535113475e-07,-9.15544546842284e-07,-1.0192621946334839
480,-1.6708031580492388e-07,-1.5738451111246832e-05,-1.9111686944961548
481,-3.930351226699713e-07,1.8955086034111446e-06,-3.6620192527770996
482,4.3048821680713445e-06,-1.4323319419418112e-06,-0.5113510489463806
483,-1.0270323400618508e-05,-3.088368032422295e-07,-1.7934871912002563
484,-7.075853432070289e-07,-6.601330682087792e-08,-3.519608974456787
485,7.612151193825412e-07,1.6433280336514144e-07,0.1553398221731186
486,-1.8297974690995034e-07,3.13042733068869e-07,-0.033923689275979996
487,4.615909290350828e-07,-8.059813580985065e-07,0.12636563181877136
488,-5.594138201558962e-07,-3.1363265406980645e-06,-0.5123744606971741
489,-8.975499440566637e-06,-4.1708554476826976e-07,-3.320927381515503
490,-1.157334509116481e-06,-6.661258566964534e-07,-2.0260844230651855
491,-1.737125444378762e-06,2.503967380107497e-07,-2.589312791824341
492,-1.2554112345242174e-06,4.0330593265025527e-07,-0.6231836676597595
493,-1.1515161304487265e-06,-6.387995199474972e-07,-0.08937081694602966
494,8.353302405339491e-07,-2.068743015115615e-06,-0.26645758748054504
495,-3.538017153914552e-06,5.324613425727875e-07,-1.2293118238449097
496,7.42894371796865e-07,2.8881891012133565e-07,0.451314777135849
497,2.1329465198505204e-06,-4.3151783302164404e-07,-0.8193054795265198
498,-4.637464883217035e-07,1.8562272430244775e-07,-0.11457770317792892
499,1.1295247759335325e-06,7.530097150265647e-07,-4.883863925933838
500,4.641264581550786e-07,3.859102264414105e-07,-0.6742357611656189
501,-3.855837348964997e-06,9.399657301401021e-07,-0.40271055698394775
502,1.9166961919836467e-06,-7.09412006472121e-07,-1.628280758857727
503,-3.3064052331610583e-06,3.2667787763784872e-06,-2.129366636276245
504,-1.2520127938842052e-06,1.0103161685037776e-07,2.2845547199249268
505,-9.561407523506205e-07,-7.289410177691025e-07,0.7334672808647156
506,-1.301285692534293e-06,2.4806811893540726e-07,1.084936261177063
507,-7.511675335081236e-07,-7.032081725810713e-07,-1.7562947273254395
508,-5.985724556012428e-07,2.004870566452155e-06,-2.9358956813812256
509,-8.969223017629702e-07,-6.070920903766819e-07,-1.9081835746765137
510,-1.0167696018470451e-06,-1.2004776408502948e-06,-3.399610757827759
511,-2.3140664779930376e-06,-1.4958838789880247e-07,-0.6478422284126282
512,-3.5826722069032257e-06,1.0041850373454508e-06,-3.5531129837036133
513,-5.217978014115943e-06,-7.528894343522552e-07,1.0825376510620117
514,-1.022918141302398e-07,-5.515157113222813e-07,1.003609299659729
515,3.1886295914773655e-07,3.399152888050594e-07,2.187710762023926
516,-5.350764809008979e-07,5.794578328277566e-07,-2.9869747161865234
517,-1.688621978246374e-06,-5.641376219500671e-07,-0.21596921980381012
518,-1.1650225815174053e-06,8.370690011361148e-06,1.7359733581542969
519,-4.168539362581214e-07,1.2806733451498076e-08,-2.1269915103912354
520,4.204214747005608e-06,8.740685757402389e-07,-4.842612266540527
521,1.7474563946962007e-06,-2.176624320782139e-07,1.8324663639068604
522,-1.8591848629512242e-06,9.829643943248811e-08,-3.1862387657165527
523,4.135873041377636e-06,8.800388400231896e-07,0.5631046891212463
524,-3.8950889802435995e-07,-8.793007850727008e-07,-4.147241592407227
525,-1.7499513660368393e-06,1.6512968841198017e-06,-2.0358502864837646
526,1.0234559795208042e-06,2.8321984757440077e-08,-0.3936164081096649
527,-1.9176507066731574e-06,6.800837581977248e-07,-3.121058464050293
528,-5.534044476007693e-07,-1.1442061804700643e-06,-1.128435492515564
529,-7.346303391386755e-06,1.907754949570517e-07,-2.354386568069458
530,1.5461827160834218e-06,-9.196971291203226e-07,2.6680068969726562
531,-1.2345847153483192e-06,-7.839373097340285e-07,-2.8931033611297607
532,9.61200385063421e-07,-1.675617511409655e-07,-2.4226136207580566
533,-4.344830358604668e-06,-1.5124538776944974e-07,1.7190015316009521
534,6.972390110604465e-06,-1.903448207940528e-07,2.095485210418701
535,4.777923095389269e-06,-0.0001628212194191292,5.312533378601074
536,-4.338938879300258e-07,-8.30611440960638e-07,-2.126131057739258
537,7.681243801016535e-07,7.586401125081466e-07,-1.5522925853729248
538,-3.490596895971976e-07,-3.5784765373136906e-07,-0.37067946791648865
539,-3.0339415388880298e-06,7.726729336354765e-07,-4.416505813598633
540,2.758175696726539e-06,-3.3949345379369333e-07,-0.7198216915130615
541,1.043781594489701e-06,-1.290667796638445e-06,2.1373071670532227
542,-3.0379658255696995e-06,-2.7582029815675924e-06,-3.0486912727355957
543,-1.4998643109720433e-06,3.6631593047786737e-07,-3.014038562774658
544,-7.686391256811476e-08,-8.109118994070741e-07,-2.463006019592285
545,3.533577626058104e-07,-1.748471504470217e-06,-3.648714780807495
546,2.379256557105691e-06,9.155657494375191e-07,-0.41028350591659546
547,-6.61045760352863e-07,-3.396938552668871e-07,-0.5004919171333313
548,-2.2830381567473523e-06,4.3665559701366874e-07,1.2743853330612183
549,-1.4781469417357584e-06,-5.910474669690302e-07,1.39345121383667
550,3.431176082813181e-06,-3.384877800272079e-07,2.6233983039855957
551,-9.408222467754968e-06,-4.090694801561767e-06,-0.8555660247802734
552,-1.957748963832273e-06,1.8305478306501755e-06,-2.5947351455688477
553,-2.0956788375769975e-06,-1.1019765224773437e-06,-0.6567040681838989
554,-1.381641254738497e-06,-2.134585486146534e-07,-2.7669694423675537
555,-2.2522747258335585e-06,9.669260180089623e-05,6.355076313018799
556,-2.0266641058697132e-06,1.021392108668806e-06,-2.137356996536255
557,-4.353340443685738e-07,6.666369927188498e-07,-2.146181344985962
558,2.774271706584841e-06,-7.908118391242169e-07,-4.20192813873291
559,2.3622158096259227e-06,-1.6834667349030497e-07,1.6201244592666626
560,-2.7461862828204175e-07,7.1834831032902e-05,1.559111475944519
561,2.475031124049565e-06,-8.374921662834822e-07,-2.580195665359497
562,-3.784515911320341e-06,-6.681349873360887e-07,-3.015516996383667
563,6.56158647416305e-07,1.8671748591714277e-07,-1.2694923877716064
564,-5.054026814832469e-07,6.307563467089494e-07,-2.222116708755493
565,-1.7141485386673594e-06,1.1688531458275975e-06,-1.784240961074829
566,-7.629766969330376e-07,1.3297022860569996e-06,-1.327739953994751
567,-1.1578770227060886e-06,-1.835778817849132e-07,-0.7329224944114685
568,-7.092598934832495e-06,-4.292693915886048e-07,-0.12958508729934692
569,8.922628694563173e-06,-7.299124149540148e-07,1.2891008853912354
570,-4.157981948083034e-06,-4.6203857095861167e-07,-1.4930940866470337
571,-3.6263188576413086e-06,4.951397727381845e-07,1.6988656520843506
572,-3.927144007320749e-06,1.278041054320056e-06,-1.704708218574524
573,1.5111639584119985e-07,1.0140794302060385e-06,3.4312562942504883
574,-8.715917374502169e-07,6.42758436697477e-07,-1.709061622619629
575,-2.1608520910376683e-06,1.6286481923089013e-06,-2.0479073524475098
576,-3.095349256909685e-06,2.819201370130031e-07,-1.5752015113830566
577,3.5219545679865405e-07,-9.077415086267138e-08,-1.5857495069503784
578,-6.1067667047609575e-06,1.1681588603096316e-06,-3.4910449981689453
579,2.0701918401755393e-06,-2.2590713797399076e-06,-0.41512763500213623
580,2.9510499643947696e-06,-3.919164441867906e-07,-3.1444196701049805
581,1.569576539850459e-07,-3.4653385228011757e-06,-1.488764762878418
582,1.2223624707985437e-06,-3.6336876974019106e-07,-3.3138437271118164
583,-1.1698149364747223e-06,1.585896285405397e-07,-2.9899258613586426
584,-2.4103187570290174e-06,1.263895569536544e-06,-2.5890698432922363
585,-9.966581728804158e-07,-9.65795493357291e-07,2.1056671142578125
586,1.5347571888923994e-06,5.984320523566566e-07,0.9293195605278015
587,-7.517468247897341e-07,-4.142474381296779e-07,0.038731832057237625
588,-1.7772438241081545e-06,1.4474226190941408e-06,0.04116232693195343
589,-4.770290047417802e-07,-2.0671982383646537e-06,0.795101523399353
590,-6.039910658728331e-06,3.1445586046174867e-06,-2.501370668411255
591,-5.357451868803764e-07,1.6233730093517806e-06,-2.5706558227539062
592,-4.584183898259653e-06,-3.049478323191579e-07,0.794287919998169
593,1.0582537157688421e-07,-2.2188329751315905e-07,-1.7808932065963745
594,-7.3762921601883136e-06,-3.6996928542976093e-07,-3.7159249782562256
595,-1.756822484821896e-06,6.386306381500617e-07,-2.452219009399414
596,-3.494928478176007e-06,-7.785732304910198e-05,5.448005199432373
597,2.086726908601122e-06,-4.896235168416752e-07,-1.0782580375671387
598,1.4612286349802162e-06,-3.9091111148081836e-07,-0.31135326623916626
599,1.5213862525342847e-06,2.0489376595378417e-07,-0.3234833776950836
600,-8.633034553895413e-07,0.00031800815486349165,2.180349588394165
601,-2.0655761545640416e-06,-4.2895936758213793e-07,1.5594429969787598
602,2.243656211931011e-07,-9.893951613548779e-08,-0.48778408765792847
603,-5.310899268806679e-06,-8.167923806468025e-05,-2.2014291286468506
604,1.0129238603440172e-07,-9.034527579387941e-07,-4.804595947265625
605,-2.267094259877922e-06,-9.962683407138684e-07,-2.938681125640869
606,-2.0813899936911184e-06,-1.3344118769964552e-06,-1.2367560863494873
607,-1.0075168574985582e-05,-1.0739171329987585e-06,-3.2425780296325684
608,2.426361788820941e-06,2.2782755877415184e-06,-2.2882447242736816
609,1.9746407815546263e-06,1.0414375140044285e-07,-0.34432607889175415
610,-2.333799329790054e-06,-1.6419254507127334e-06,-2.6247591972351074
611,-2.745617166510783e-06,1.4318426622139668e-07,-0.42792683839797974
612,-5.422668891696958e-07,-7.165019724197919e-07,1.5016227960586548
613,-9.267292853110121e-07,-1.5157305597313098e-06,0.4207601845264435
614,5.926005641754273e-08,1.2755691614074749e-06,-2.7148351669311523
615,2.2861198090140533e-07,-2.0409474643656722e-07,1.4205588102340698
616,2.5049084797501564e-06,5.41720396540768e-07,-1.4236981868743896
617,-3.0223457088141004e-06,-6.738322554156184e-05,-1.1729886531829834
618,-3.284643980805413e-06,-5.075198146187176e-07,0.22283689677715302
619,-3.238483714085305e-06,-1.1574849168027868e-06,-2.916677236557007
620,-1.8817559066519607e-07,2.0379626164412912e-07,-2.039069414138794
621,-2.3560784256915213e-07,-1.0485603070264915e-06,-2.9947259426116943
622,-1.0908660215136479e-06,-1.028925211699061e-07,-0.9345892071723938
623,1.539658796900767e-06,-3.3590708881092723e-07,-0.8164258003234863
624,3.6260018987377407e-07,-2.1536611711781006e-06,-3.261964797973633
625,-3.532552227625274e-06,-1.7979356670139168e-08,-1.2258182764053345
626,3.456258127698675e-06,-9.684129054221557e-07,-3.771853446960449
627,-6.73313138577214e-07,2.580064347057487e-06,-2.755331516265869
628,-1.0662749900802737e-06,2.6273448838765034e-07,0.9640898704528809
629,-4.5519659579440486e-06,-8.809454925540194e-07,3.5004138946533203
630,-7.750710210530087e-06,-1.9298399820399936e-06,-2.2131192684173584
631,1.6996543763525551e-06,2.885721528400609e-07,-1.1171962022781372
632,-6.856163992097208e-08,-3.642423678229534e-07,-1.9238412380218506
633,1.1783623676819843e-06,1.5583960077947268e-07,0.5085651874542236
634,2.796080480038654e-06,-1.0902003850787878e-06,-2.8054282665252686
635,-1.0393224556537461e-06,-8.492451115671429e-07,-0.41298773884773254
636,1.2214337630211958e-06,-4.980195171810919e-07,0.18494464457035065
637,-2.1055159322713735e-06,-6.335619673336623e-07,-2.636742115020752
638,-4.625171357020008e-07,-1.7093401538659236e-07,-1.1092065572738647
639,-2.405915438430384e-06,2.863814643205842e-07,0.8086171746253967
640,-6.835763315393706e-07,1.4669899428554345e-06,-1.8356921672821045
641,1.7198919977090554e-07,7.817179152880271e-07,1.6900291442871094
642,-3.022619466719334e-06,-1.8918200339612667e-07,-0.1472790241241455
643,-1.287429313379107e-06,-4.5041036855764105e-07,-4.018779754638672
644,-2.8993697469559265e-06,-1.1959770063185715e-06,-0.8779494762420654
645,6.844918232218333e-08,6.3164734456222504e-06,1.9522693157196045
646,3.414261755096959e-06,-1.5403204542963067e-06,-3.675124406814575
647,-1.8782354516133637e-07,3.1359854801848996e-07,-1.337530493736267
648,7.700608875893522e-06,-2.0048278202011716e-06,-2.465865135192871
649,-8.232846994360443e-06,-7.817849905222829e-07,-2.2868449687957764
650,2.1558155367529253e-06,3.8318691508720804e-07,-2.5803706645965576
651,-2.7984306143480353e-06,1.8305536286788993e-06,-4.179787635803223
652,-3.36896528096986e-06,-8.921921903493057e-07,-2.6910033226013184
653,-4.049783910886617e-06,-8.469828003399016e-07,-2.799450159072876
654,-2.9003945911654228e-08,-9.122621236201667e-07,0.4600481390953064
655,-3.7497170524147805e-06,-6.78004596466053e-07,-2.06778621673584
656,5.289390401230776e-07,-5.676765226780844e-07,-1.1446826457977295
657,2.777166798750841e-07,9.041099247042439e-07,0.4082476496696472
658,3.536750000421307e-06,4.338349697263766e-07,1.3400708436965942
659,-1.4701299733133055e-06,-1.02104387167401e-07,0.01911401003599167
660,-4.8190290726779494e-06,0.0004974626353941858,2.6212313175201416
661,-1.245159410245833e-06,5.197991868044483e-07,-0.6278533935546875
662,-1.7599463717488106e-06,-1.863436835947141e-07,-1.5949325561523438
663,1.6495524732818012e-06,-4.749192044073425e-07,-4.754963397979736
664,-1.5048570958242635e-06,-2.048085434580571e-07,-3.957033157348633
665,9.017787050424886e-08,-1.331493308498466e-06,-3.2210617065429688
666,-1.303303974964365e-06,2.1923781901023176e-07,0.5160341858863831
667,6.112302912697487e-07,-1.9284486825199565e-06,-2.156602621078491
668,-2.9939272394585714e-07,5.44898398402438e-07,0.1941540688276291
669,-2.9873800144741836e-07,2.945507162621652e-07,-2.4920244216918945
670,-1.4047096783542656e-06,9.316506179857242e-07,-0.378755658864975
671,-3.1482177291763946e-06,-2.9928830258540984e-07,0.43500807881355286
672,1.2231245705152105e-07,-1.5288911754396395e-06,-1.911927342414856
673,-1.5693949535489082e-06,-5.413618850980129e-07,-0.13245385885238647
674,-3.3576483815522806e-07,7.632340839336393e-07,-3.707084894180298
675,2.0095123431929096e-07,-6.26790324531612e-07,-1.1869277954101562
676,4.043835133415996e-07,1.0243419268363141e-07,-4.2764201164245605
677,-4.752229870064184e-06,8.446760375591111e-07,4.57479190826416
678,1.2339912700554123e-06,4.367336998711835e-07,-3.1156787872314453
679,-5.487524049385684e-06,-3.044783625227865e-06,0.5427716374397278
680,-7.98487349129573e-07,-6.782044579267676e-07,-1.9922597408294678
681,-1.26942995848367e-06,-2.8563488285726635e-07,0.7197271585464478
682,-6.643105052717146e-07,6.475875835576517e-08,-3.223322629928589
683,-8.924442909119534e-07,1.3987191778142005e-06,-3.2061471939086914
684,7.055285209389695e-07,-8.600819683124428e-07,-2.4222116470336914
685,-1.9925143988075433e-06,7.953081535561068e-07,-3.7401013374328613
686,-2.0951936221536016e-06,-4.387660794691328e-07,0.6637954711914062
687,2.7491016680869507e-06,-2.7821372441394487e-06,-2.1062588691711426
688,4.836039806832559e-06,1.7319911194135784e-07,-0.8158226013183594
689,5.087815324600342e-08,0.0005073765642009676,1.3711808919906616
690,-6.430801136048103e-07,-3.0829580737190554e-06,-1.1037777662277222
691,9.917021088767797e-07,6.573433211087831e-07,0.21144160628318787
692,2.4872631456673844e-06,-6.801646890153279e-08,-1.9363932609558105
693,-4.457471732166596e-06,0.0002956529788207263,2.693066358566284
694,-2.098668346661725e-06,1.1391266525606625e-06,0.5434116721153259
695,7.668619446121738e-07,-4.037991629957105e-07,-2.5234599113464355
696,8.829254625197791e-07,-1.0069622931041522e-06,-1.3750512599945068
697,7.813633260411734e-07,1.2033292478008661e-06,-4.161541938781738
698,2.173570464947261e-06,-2.620786005991249e-07,-2.2236671447753906
699,4.655514089790813e-07,5.583779625339957e-07,-2.2631473541259766
700,-4.994941264158115e-06,7.034711302367214e-07,-0.8388945460319519
701,3.5779355584963923e-06,-7.036856572995021e-07,0.8729649186134338
702,-3.2275258945446694e-06,6.332804332487285e-05,0.48614323139190674
703,-1.0565265711193206e-06,1.1677490192596451e-06,-2.659747838973999
704,2.8117988222220447e-06,9.324280654254835e-07,6.595186710357666
705,5.903723376832204e-07,-6.278957016547793e-07,-1.0934120416641235
706,-1.8628462612468866e-06,9.43179713885911e-07,-1.460558295249939
707,-1.0377448234066833e-06,-4.073744719335082e-08,0.8360022306442261
708,5.745557132286194e-07,3.7510005768126575e-07,-0.9381982088088989
709,2.393200873029855e-07,-1.2207152622067952e-06,-0.8512571454048157
710,-1.2513559113358497e-06,-3.244325625928468e-07,-2.4366579055786133
711,5.12378665007418e-06,4.632850959751522e-06,-0.4031263589859009
712,8.335663181924247e-08,5.4738870858273e-07,-0.6913095116615295
713,-1.2951716144016245e-07,9.953160429176933e-08,-1.9051692485809326
714,-1.365546154374897e-06,1.2947621144121513e-06,0.26715314388275146
715,-9.334495189250447e-06,1.8953778635477647e-06,-2.7510201930999756
716,1.6400031199736986e-07,-2.634315251270891e-06,-2.2797515392303467
717,2.269190417791833e-06,-5.6231861833566654e-08,-2.0923514366149902
718,1.9438611786881665e-07,8.44232602048578e-07,0.07924369722604752
719,-2.267251829835004e-06,-2.80475944691716e-07,-0.4270436763763428
720,3.2274854788738594e-07,-2.1487558115040883e-06,-1.7302201986312866
721,-2.070218897642917e-06,-2.1833852770214435e-06,-3.111467123031616
722,-5.294158995639009e-07,6.736458999512251e-07,-0.4707643687725067
723,-1.2614638080776786e-06,6.806175179008278e-07,-3.8115975856781006
724,-5.817256351292599e-06,3.405483539609122e-07,-2.821545362472534
725,-2.173095936086611e-06,-3.77499691239791e-06,-2.4539599418640137
726,-2.371896954400654e-07,-4.075428421401739e-07,-1.57382071018219
727,-1.8652137896424392e-06,1.1265120747339097e-06,-3.6564464569091797
728,-1.858677762811567e-07,-6.077856937736215e-07,4.159806728363037
729,7.860884352339781e-07,-1.9558903829874907e-07,-1.9416226148605347
730,5.567129619521438e-07,-1.5314318702053242e-08,1.5693731307983398
731,-1.183094013867958e-06,-2.1872594402339018e-07,-1.9467114210128784
732,-1.951716740222764e-06,1.2868416376932146e-07,0.33883243799209595
733,2.9491168334061513e-06,-1.8553359041106887e-05,-2.478095054626465
734,-1.2580771091563747e-08,3.991125367974746e-07,-2.2668111324310303
735,-1.6612352737865876e-06,1.9466597223072313e-06,-2.783067464828491
736,-3.702916274050949e-06,-1.096914502340951e-06,0.2604462504386902
737,1.7732605783749023e-06,2.707440955873608e-07,0.6058549284934998
738,9.215679028784507e-07,6.343659606500296e-07,-0.43430930376052856
739,-2.1766288682556478e-07,2.5504220957373036e-07,-3.03749418258667
740,9.098267241824942e-07,1.4933159491192782e-06,-0.6430836915969849
741,3.176177870045649e-06,1.6229055290750694e-06,-2.2680912017822266
742,-1.239049197465647e-06,1.7969205146073364e-06,-1.827756404876709
743,1.2841213901992887e-05,-7.185429353739892e-07,0.9574785828590393
744,-7.940814725770906e-07,-6.174615805321082e-07,-2.8412117958068848
745,1.5822117802599678e-06,-1.8689295302465325e-06,-0.5969297885894775
746,-5.345018962543691e-06,1.1259905932092806e-06,-0.37774038314819336
747,-4.923977485304931e-06,-1.0065361948363716e-06,-0.745531439781189
748,-1.8987743715115357e-06,-0.000197766930796206,2.069256544113159
749,2.2842718863103073e-06,-7.699105140090978e-07,-3.7141494750976562
750,-1.427076540494454e-06,-1.5881837498454843e-06,-2.3398237228393555
751,3.6891847230435815e-06,-2.5897053390622204e-08,-2.5789687633514404
752,-6.951689783818438e-07,8.140192448991002e-07,4.466928482055664
753,-5.87292504405923e-07,8.018738526516245e-07,-0.8400530815124512
754,-4.269897090125596e-06,5.922296395510784e-07,-1.1433939933776855
755,1.049382603923732e-06,-0.0073798964731395245,1.706699013710022
756,1.1914565902770846e-06,-4.6747805981794954e-07,-2.774217367172241
757,-1.866738784883637e-06,-1.2281243471079506e-06,-1.974380612373352
758,1.9360818441782612e-06,-1.359551902169187e-06,-2.6970527172088623
759,-2.123598051184672e-06,-6.588126097994973e-07,0.43247294425964355
760,-2.6174714093940565e-06,2.5320821350760525e-07,-2.6252870559692383
761,-2.885693675125367e-07,-1.569538170542728e-07,1.5281856060028076
762,-2.8813658445869805e-06,4.019578909719712e-07,-0.13586854934692383
763,1.1152231991218287e-06,-2.6710739575719344e-07,1.4756112098693848
764,4.111768134862359e-07,8.393330404032895e-07,-0.1202385202050209
765,-1.7077847758173448e-07,-1.6303241636705934e-06,-0.4661174416542053
766,5.570054213421827e-07,-1.1046940926462412e-06,-2.741178512573242
767,-2.7993094136036234e-06,-2.721557450513501e-07,0.03758946806192398
768,-1.2411595662342734e-07,-7.742563070678443e-07,-1.6791902780532837
769,-1.3625713108922355e-06,1.2836002269978053e-06,-3.1751251220703125
770,-2.3883530957391486e-06,0.0005181970773264766,-0.14043091237545013
771,-2.742792048593401e-06,-1.1974691460636677e-06,-3.160362720489502
772,-1.5451861372639542e-06,2.1165313057736057e-07,-2.8411147594451904
773,-5.945749492752839e-08,7.315019843190385e-07,-2.28875732421875
774,-4.217866944600246e-07,-1.2033858638460515e-06,-0.8659266233444214
775,-7.945471338643983e-07,1.8700310420172173e-06,-2.8682384490966797
776,2.44903799284657e-06,1.8089216382577433e-06,-3.4868452548980713
777,-3.7353970583353657e-06,-1.5217671034406521e-06,-0.3383931517601013
778,-1.7885632814795827e-06,-2.3569533880163362e-07,-2.5261151790618896
779,-1.0215295560556115e-06,7.570139359813766e-08,0.6607782244682312
780,1.8754955135591445e-06,1.4119758873221144e-07,4.000697612762451
781,-1.332655529040494e-06,-5.074378464087204e-07,-3.3114826679229736
782,-6.719352768413955e-06,-5.260779403215565e-07,-3.6162660121917725
783,5.306932280291221e-07,1.020610852719983e-06,-1.467452049255371
784,8.6792607589814e-07,-5.756190830652486e-07,-1.7201234102249146
785,-1.3052117537881713e-06,-8.593674039047983e-08,-2.032221555709839
786,1.5887134168224293e-06,2.0570634262639942e-07,-0.9676449298858643
787,9.883591474135756e-07,-2.1289032758886606e-07,-0.9420896768569946
788,2.8472672397583665e-07,-1.4998532833487843e-06,-0.357302188873291
789,2.894597095348672e-08,-9.165425041146591e-08,-1.2766152620315552
790,-5.277478862808493e-07,8.023201871765195e-07,0.24881690740585327
791,-1.8093199116719916e-07,1.0465138302606647e-06,-0.1225413978099823
792,1.925488504639361e-06,-1.042238750414981e-06,-0.05631817877292633
793,-6.823232183705841e-07,-4.348698894318659e-07,-1.1339597702026367
794,5.207237450122193e-07,1.1192645388291567e-06,-0.46445608139038086
795,-9.249150423329411e-08,-2.569071057223482e-06,-6.362742900848389
796,-1.6154987179106683e-06,-3.176499205892469e-07,0.10254067182540894
797,7.080286650307244e-07,-5.99653787958232e-07,0.8563421964645386
798,-5.56911345483968e-07,-7.004826496626038e-09,-3.085886240005493
799,-6.696432706121414e-07,6.247862529562553e-07,0.9764550924301147
800,-1.1986587367118773e-07,-1.2835204188377247e-06,-0.2560431957244873
801,-1.194511128232989e-06,1.5824159618205158e-06,-1.3830955028533936
802,-9.32848979573464e-06,1.7191923689097166e-06,-2.6547610759735107
803,4.707110747403931e-06,5.5967375374166295e-05,0.2827218472957611
804,-3.2716710052227427e-07,-5.78113315441442e-07,-1.3890873193740845
805,6.731338089593919e-06,-2.933622909040423e-07,4.227906703948975
806,-2.7506825972523075e-06,-5.530487783289573e-07,-3.79111647605896
807,-8.952075063461962e-07,-2.07535026675032e-06,-1.8144688606262207
808,-3.151718601657194e-06,0.001032969681546092,6.755209445953369
809,1.0326551773687243e-06,8.924340022531396e-08,-2.1469857692718506
810,2.069950141958543e-06,-4.814523890672717e-07,1.2658960819244385
811,1.8093888911607792e-06,-1.1558388450794155e-06,-2.3922624588012695
812,2.973967809793976e-07,3.724005068761471e-07,-2.017388343811035
813,4.531855211098446e-06,-1.669364337431034e-06,-1.8697545528411865
814,-3.200231049049762e-06,8.644870490570611e-07,-1.0674371719360352
815,-2.0948725705238758e-06,-5.693319167221489e-07,1.9567804336547852
816,-6.640293577220291e-06,0.00019104643433820456,3.771249294281006
817,2.644919277372537e-06,-0.0005691134720109403,-1.7198214530944824
818,-1.0834430668182904e-06,-5.812692052131752e-07,-2.5304136276245117
819,2.8180352273921017e-06,-6.428086294363311e-07,-3.2133891582489014
820,-1.1213412562938174e-06,-1.1336626357660862e-06,0.18718114495277405
821,-7.782392117405834e-07,-1.0554128948569996e-06,-1.9259589910507202
822,1.484965878262301e-06,7.136425779208366e-07,-0.15917494893074036
823,-1.385778205076349e-06,-1.0159546945942566e-06,2.4537410736083984
824,-2.1047331699719507e-07,1.3570493138104212e-06,-0.6565194725990295
825,-1.900496840789856e-06,-3.879987673371943e-07,-2.928150177001953
826,2.4817475150484825e-06,5.511799727742073e-08,-4.631328105926514
827,1.8480538983567385e-06,3.534681241035287e-07,0.8244907855987549
828,-5.763303434491718e-08,5.717786280001746e-07,-3.0514070987701416
829,-1.1359467180227512e-06,2.00502699954086e-06,-2.5155375003814697
830,1.792743319128931e-06,-1.5728794551250758e-06,2.3373804092407227
831,-9.344634577246325e-08,-1.8140719930670457e-06,-1.8873645067214966
832,-8.423700705861847e-07,-1.160979309133836e-06,-1.2794196605682373
833,-1.917205736390315e-06,3.668130332812325e-08,0.9965286254882812
834,2.1911040448685526e-07,-2.968601222619327e-07,-2.940814971923828
835,-9.600278190191602e-07,-3.0012830620762543e-07,-1.2878061532974243
836,2.277063231304055e-06,-1.0646853070284124e-06,1.320756435394287
837,-1.0639191714290064e-06,-8.492787628711085e-07,-1.1793034076690674
838,-4.1813774487309274e-07,7.656536809008685e-07,2.5091843605041504
839,-3.1351241887023207e-06,6.395570153472363e-07,0.7503901720046997
840,-2.603340362838935e-06,6.365821172948927e-05,3.184227466583252
841,9.298026384385594e-07,5.999867767059186e-07,-2.3890395164489746
842,-2.8812144137191353e-06,1.2458187939046184e-06,2.8685965538024902
843,-1.6678603742548148e-06,2.230398763458652e-07,0.8897673487663269
844,-1.6665128441673005e-06,-3.3887005201904685e-07,-2.153088092803955
845,-3.225578893761849e-06,1.1446883263488417e-06,0.9060772657394409
846,-6.581842626474099e-08,-1.873672061947218e-07,3.0020880699157715
847,-8.772397563916456e-07,8.537272151443176e-07,-0.5858758687973022
848,-1.2588845947902882e-06,-8.971750844466442e-07,0.7096856832504272
849,6.656262939941371e-06,-3.5746091953114956e-07,0.769323468208313
850,4.834458309233014e-07,-1.8173479077177035e-07,-1.3929030895233154
851,-2.1754258341388777e-06,2.7089566856375313e-07,-3.0845651626586914
852,4.3930795072810724e-06,0.0003675218322314322,5.7515997886657715
853,-2.2452165922004497e-06,-4.403743787406711e-07,-2.0531728267669678
854,-1.439588118046231e-06,7.52079301946651e-07,-0.2118682563304901
855,-4.696054247688153e-07,1.0032672435045242e-06,-2.6295719146728516
856,-6.415424991246255e-07,-1.7162913081847364e-06,-1.0663166046142578
857,-6.000299890729366e-06,4.5171816509537166e-07,-1.6197340488433838
858,1.0278150739395642e-06,-1.0331757493986515e-06,-0.11624898761510849
859,-2.401046685918118e-06,-1.9357064502401045e-06,-2.9890406131744385
860,1.1084486004619976e-06,5.927741426603461e-07,-0.4614418148994446
861,6.592742010980146e-06,-5.931034934292256e-07,-6.9337992668151855
862,-2.498233243386494e-06,-2.891547865147004e-06,-1.9185549020767212
863,5.517853196579381e-07,7.400207380214852e-08,-1.09563148021698
864,1.3334602044778876e-06,-3.0108819260021846e-07,3.60746431350708
865,-1.7001688945583737e-07,2.007338366638578e-07,-0.6321617364883423
866,8.171862191375112e-07,1.1463283726698137e-06,-3.459643840789795
867,2.123976173606934e-06,-1.147135208157124e-06,-3.565791606903076
868,-2.302132543263724e-06,2.0270945810807461e-07,-4.174131870269775
869,-4.683023234974826e-06,3.090045765929972e-07,-4.771175384521484
870,-1.0058816997116082e-06,1.4596676578548795e-07,-3.3012843132019043
871,6.742058076270041e-07,-9.224200425705931e-07,-4.140690803527832
872,-1.1749309436481781e-07,-7.504117434109503e-07,-1.0367908477783203
873,3.722123764759999e-08,-2.4631669930386124e-06,-2.2228012084960938
874,1.0735169553299784e-06,1.6647949507841986e-07,-0.7518630027770996
875,-4.726996394310845e-06,5.864229706276092e-07,-3.0122125148773193
876,1.938404466272914e-06,9.84223675004614e-07,-2.1236281394958496
877,-1.7622187442611903e-06,8.544409411115339e-07,-0.8649736642837524
878,1.0791513886942994e-06,1.636926640458114e-06,-2.4598944187164307
879,6.729438837282942e-07,3.950997324864147e-07,-2.2066407203674316
880,5.951680122961989e-06,3.763423421787593e-07,-0.28193017840385437
881,5.551064532482997e-07,-6.775995871066698e-07,-0.13808245956897736
882,-2.495709850336425e-06,3.532291259489284e-08,-1.142551064491272
883,-2.6206412258034106e-06,-9.260326692128729e-07,0.9800160527229309
884,-1.7270124317292357e-06,-3.892811850647604e-09,-2.992520570755005
885,-5.31557020622131e-07,1.3168086354653497e-07,-1.3761907815933228
886,-1.7379699102093582e-06,-1.118062982641277e-06,-3.8810741901397705
887,-2.6664808956411434e-06,7.948742677399423e-07,-0.8910768628120422
888,-7.241477533170837e-07,-4.201985461804725e-07,2.473857879638672
889,3.7323179640225135e-06,-5.33263630586589e-07,-3.1787233352661133
890,-2.1655782802554313e-06,1.7111730130636715e-06,-2.667611837387085
891,4.20802734879544e-07,-9.079910796572221e-07,-1.1193578243255615
892,-2.202905761805596e-06,2.427036065455468e-07,-1.2309234142303467
893,-1.0365200751039083e-06,-5.523075969904312e-07,1.3291411399841309
894,-2.1673281480616424e-06,-7.619999564667523e-07,2.329763412475586
895,-6.447541522902611e-07,-1.6701035576716095e-07,3.5414388179779053
896,-1.5337285503846942e-06,2.1346232870200765e-07,4.816427707672119
897,-1.4889640169712948e-06,-1.0355089443692123e-06,-3.929600477218628
898,-1.5856697643812367e-07,-9.72076350080897e-07,0.43117788434028625
899,2.722297836044163e-07,-4.794907795258041e-07,0.3550475835800171
900,1.8716056047196616e-06,-1.3815592865284998e-06,-1.7892794609069824
901,-1.3048331766185584e-06,8.412496868004382e-07,0.9764463305473328
902,-2.844974460458616e-06,-3.7587201973110496e-07,1.0552300214767456
903,-1.1574418294912903e-06,1.5924916851872695e-07,-0.5433219075202942
904,-1.1036586329282727e-05,-6.414991844394535e-07,3.9851183891296387
905,1.2980494830117095e-06,-9.242863256986311e-07,-1.7180324792861938
906,-2.7889982447959483e-06,-5.712358870368917e-07,-0.6934183239936829
907,1.2145317214162787e-06,6.23867549620627e-07,-1.9423342943191528
908,-7.221847653227087e-08,7.911547754702042e-07,-0.16132768988609314
909,6.886820642648672e-07,-1.391748696732975e-06,0.6726882457733154
910,2.879928899801598e-07,1.0544737278905814e-06,-1.9209872484207153
911,1.255292403357089e-07,1.8535530443841708e-07,0.17740876972675323
912,5.472255679705995e-07,7.541236186625611e-07,-0.41732534766197205
913,2.193198952227249e-06,-1.73647288193024e-06,-1.626204490661621
914,1.666515117904055e-06,2.097934554967651e-07,0.2170102596282959
915,-1.6487286984556704e-06,-5.531064175556821e-07,-2.1810359954833984
916,-3.139639147775597e-06,-0.0005654411506839097,6.254162311553955
917,-5.587027658293664e-07,-7.914538855402498e-07,0.5471204519271851
918,-9.789022215045406e-07,9.951530728358193e-07,-3.3852248191833496
919,-1.0429024541735998e-06,6.319242515928636e-07,0.24531406164169312
920,7.272919901879504e-06,-7.62172021495644e-07,-3.546351909637451
921,-7.683075864406419e-07,1.5113968743207806e-08,-2.613384962081909
922,-3.480413397483062e-06,-3.2078420190373436e-05,-1.4937173128128052
923,-3.558116077329032e-06,-1.3965226571599487e-05,5.849346160888672
924,-1.3430276624148973e-07,1.6055251990110264e-06,-1.6113886833190918
925,-1.4060107389468612e-07,-5.555809252655308e-07,-3.1438345909118652
926,-2.4500061499566073e-06,4.850725190408411e-07,2.4758644104003906
927,9.648666718931054e-07,0.0005846289568580687,5.030076026916504
928,1.5502408814427326e-06,9.121732773564872e-07,-2.10520076751709
929,1.8405830815027002e-06,-8.004018923202239e-07,-1.7753205299377441
930,-3.9123463579926465e-07,8.662305504003598e-07,-1.7827951908111572
931,-2.0992243321416026e-07,-1.791722610278157e-07,0.5504078269004822
932,-7.373974426627683e-07,-1.3423058931039122e-07,-4.1717071533203125
933,9.586876785760978e-07,-0.0003270796441938728,-2.3966028690338135
934,2.1228827336017275e-06,6.642921448474226e-07,-1.7322242259979248
935,1.4713741620653309e-06,-1.2906875781482086e-06,2.104759454727173
936,-2.748646238615038e-06,-8.324121267833107e-07,-2.841529369354248
937,-4.486529178393539e-06,-1.0138694506167667e-06,-2.013279438018799
938,1.9614324173744535e-06,-1.0303098179065273e-06,-1.7883403301239014
939,2.8294343792367727e-06,1.5990917745511979e-06,-2.687337636947632
940,-9.063966786015953e-07,-2.0889966378945246e-07,2.0877859592437744
941,-2.2785598048358224e-06,1.20481251997262e-06,3.7242352962493896
942,7.857121318011195e-07,5.424167284218129e-07,-2.6617231369018555
943,-3.712810610068118e-07,8.644769344812175e-09,2.719296455383301
944,4.748215474137396e-07,-1.1447701808720012e-06,-1.7717370986938477
945,-2.7548014713829616e-06,-7.779655106787686e-07,-1.5285701751708984
946,5.457170118461363e-06,-3.5240249417256564e-05,5.773081302642822
947,-1.2864666132372804e-06,-4.555820112273068e-07,1.3988114595413208
948,8.646771334497316e-07,7.663408609914768e-07,-5.11473274230957
949,1.0971762094413862e-06,-1.2505249742389424e-06,-1.0226855278015137
950,-1.7259642959288612e-07,3.5935343589699187e-07,-0.4737550616264343
951,-1.1863000963785453e-06,-5.089710271022341e-07,-2.0021145343780518
952,1.062510023075447e-06,-3.1115916954149725e-07,-2.3481414318084717
953,-2.034604591472089e-07,4.81086772197159e-07,2.7757809162139893
954,1.7984234546020161e-07,-8.92596801804757e-07,-2.784801721572876
955,1.4052358210392413e-06,1.3594799384009093e-06,-2.1247670650482178
956,-7.369741865659307e-07,-2.9382481443462893e-06,-2.9502363204956055
957,1.650396711738722e-06,-3.846725462608447e-07,-3.0775766372680664
958,1.3182060456529143e-06,7.507456416533387e-07,-0.6680330038070679
959,4.2700016820163e-06,2.890931227739202e-07,-1.8996069431304932
960,-7.976279334798164e-07,2.1297205421433318e-07,3.113105058670044
961,-2.0700926484096271e-07,-2.3930290353746386e-06,0.602311372756958
962,-2.947159146060585e-06,-2.978960992550128e-06,-4.246946811676025
963,-7.744942195131443e-06,-1.8790491651543562e-07,-0.03242852911353111
964,-9.214132887791493e-07,-3.1326412681664806e-06,1.8642340898513794
965,-5.282498705128091e-07,4.652927145798458e-07,-0.7942246794700623
966,1.0774438123917207e-06,4.6229880013015645e-07,-3.6848628520965576
967,-1.6703457106359565e-07,-7.648439748209057e-08,0.0796615406870842
968,-2.0195805063849548e-06,1.6328561969203292e-06,-2.386120319366455
969,-7.370209686996532e-07,-0.0016070272540673614,5.326026916503906
970,-6.854103503428632e-06,5.910994786972879e-07,-1.6016663312911987
971,-4.061111269493267e-07,7.620637347827142e-07,-2.910888671875
972,-3.961363745474955e-06,-1.7199449757754337e-06,-2.0255701541900635
973,1.0660244242899353e-06,-1.4370440339916968e-06,-2.3920044898986816
974,2.307081530261712e-07,1.926270215335535e-06,-3.7874608039855957
975,-1.409452920597687e-06,4.5014050442659936e-07,1.842604637145996
976,1.2043547030771151e-06,3.7250552509249246e-07,2.1210505962371826
977,-1.1091586316069879e-07,-7.816626634848944e-07,-2.379085063934326
978,-8.851624784256273e-07,-1.7085725403376273e-06,-2.7716329097747803
979,-6.786072503928153e-07,-0.0017949251923710108,5.093021869659424
980,-8.294358622151776e-07,3.520399332046509e-07,-1.2755240201950073
981,1.085812641576922e-06,-1.865401912937159e-07,0.8311334848403931
982,-1.736605554469861e-06,-1.0254136668663705e-06,1.2688063383102417
983,-7.735518892104665e-08,5.83841654133721e-07,-1.6351491212844849
984,-5.8548060621888e-08,-5.341926723190227e-08,-2.0337071418762207
985,-3.665726353574428e-07,6.746274721081136e-07,-3.849630355834961
986,9.555145652484498e-07,-9.55344148678705e-07,2.2673611640930176
987,7.234543772938196e-06,-6.559118901350303e-07,-5.13723611831665
988,-2.2386795990314567e-06,5.484000098476827e-07,3.792712688446045
989,-7.596826208100538e-07,-5.127140312310985e-08,-1.183538556098938
990,3.9851619249020587e-07,-1.3130579645803664e-06,-1.8199931383132935
991,1.7381273664796026e-07,7.916460731394181e-07,-1.3928966522216797
992,1.6024373508116696e-06,-2.44708348873246e-06,-1.9419360160827637
993,2.4616228984086774e-06,-0.0008889574091881514,-2.8056020736694336
994,6.469567779276986e-07,3.2939249194896547e-07,-2.85837984085083
995,-2.5012884634634247e-06,1.688314114289824e-06,-2.5853781700134277
996,-3.628500280683511e-06,1.6969663363397558e-07,1.0624759197235107
997,1.5053451534186024e-06,-8.738759333937196e-07,-2.248934745788574
998,-1.7656898307905067e-06,-8.702680815986241e-07,-6.005225658416748
999,-3.3273449844273273e-06,-1.0619242374332316e-07,-1.8845267295837402
1000,-3.371863158463384e-06,-0.0007043937221169472,2.552713394165039
1001,-9.148684512183536e-06,3.8219670386752114e-05,-4.330904960632324
1002,-1.349005515294266e-06,4.104636559532082e-07,-0.6919007897377014
1003,8.094485224319214e-07,-1.317984470006195e-06,-0.9324559569358826
1004,5.156203314982122e-06,3.961613401770592e-07,-1.0102607011795044
1005,-1.8653925053513376e-06,-1.4518107604999386e-07,2.532040596008301
1006,-1.3359704098547809e-06,-0.0011188342468813062,-2.9040327072143555
1007,2.046305780822877e-06,8.88953195499198e-08,0.880185067653656
1008,2.3264356059371494e-06,0.00010019667388405651,2.824887275695801
1009,-1.034782144415658e-06,-0.00020362470240797848,-3.1471049785614014
1010,1.0856343806153745e-06,1.3053242753358063e-07,-1.281732439994812
1011,1.0832948191819014e-06,-4.229828505231126e-07,-0.9239948391914368
1012,-3.301631750218803e-06,-4.508725908181077e-07,-3.3354380130767822
1013,-2.9094387627992546e-06,-8.999814440358023e-07,-0.262117862701416
1014,1.377886178488552e-06,1.3418091384664876e-06,-1.2294197082519531
1015,-3.245943617002922e-06,6.019408829160966e-07,2.606820583343506
1016,-6.524007858388359e-07,-8.423565986959147e-07,1.118558645248413
1017,-1.8211715087090852e-06,1.8733138631432666e-06,-1.3522230386734009
1018,3.2319314868800575e-06,0.0025250897742807865,-3.7280466556549072
1019,-9.15382031507761e-07,-6.473464964074083e-07,2.0034990310668945
1020,-2.998186346303555e-06,7.342486583183927e-07,1.153914451599121
1021,8.342447472386993e-06,-8.266779332188889e-07,3.970271110534668
1022,-2.4144144390447764e-06,-1.2226280432514613e-07,-0.38733869791030884
1023,2.2818394427304156e-06,1.2109392173442757e-06,-1.6493299007415771
1024,1.534358631261057e-07,1.2871163335148594e-06,0.7850645780563354
1025,-2.147279701603111e-06,2.1037071746832225e-06,0.872910737991333
1026,-6.074863449612167e-06,-6.5661197368172e-07,0.2669447660446167
1027,-5.537071047001518e-06,1.200713199978054e-06,-3.3033597469329834
1028,-3.4312088814658637e-07,-4.42962743818498e-07,-3.15588116645813
1029,2.77290354233628e-07,1.123580204875907e-06,-0.6374515295028687
1030,-4.0306899791175965e-06,6.373230121425877e-07,-4.3001556396484375
1031,-1.0573355211818125e-05,1.1223764886381105e-06,-3.844780921936035
1032,4.630578132491792e-06,-2.4456282972096233e-06,-1.2859163284301758
1033,5.964194542684709e-07,1.0600401765259448e-06,0.9715579748153687
1034,2.338224931008881e-06,1.6666483304561552e-08,-1.8381251096725464
1035,6.214007726157433e-07,3.9928372075337393e-07,-0.8378615975379944
1036,-6.027948074915912e-06,-5.803807425763807e-07,3.9467570781707764
1037,2.9364042575252824e-07,-7.823351779734367e-07,-0.4844476580619812
1038,-9.040446116159728e-07,0.0007964213145896792,6.869389533996582
1039,-1.9555911023871886e-07,-1.0144922271138057e-06,-1.845743179321289
1040,5.979224170005182e-06,-3.597518798414967e-07,-1.7608847618103027
1041,-6.858152232780412e-07,3.50725713360589e-07,-3.6991634368896484
1042,-2.1017306153225945e-06,-4.090526272193529e-05,2.7614591121673584
1043,2.443354958359123e-07,0.00012680057261604816,0.00576563598588109
1044,3.3125468235084554e-07,-1.2136671330154059e-06,-1.9560741186141968
1045,-3.1910785764921457e-06,-1.0067585520801003e-07,-2.253422498703003
1046,3.0245460038713645e-06,-1.4808190371695673e-06,0.6522610783576965
1047,-3.8128206369947293e-07,9.603891726328584e-08,2.9085030555725098
1048,-9.081354619411286e-07,-4.615571924659889e-07,-1.6226400136947632
1049,3.8091047827037983e-06,2.800815366299503e-07,3.532315492630005
1050,-2.3047132344800048e-06,-8.160519655575627e-07,3.0705692768096924
1051,1.5792437579875696e-07,3.1443417469745327e-07,0.432084858417511
1052,7.573040079478233e-07,-2.9308919238246744e-06,-2.381830930709839
1053,-1.495540118412464e-06,-5.089938781566161e-07,-4.750089645385742
1054,2.080116473734961e-06,1.566857150692158e-07,-0.3899904787540436
1055,-6.462563533204957e-07,-0.00050549948355183,6.490273952484131
1056,-1.8575051399238873e-06,-3.6666648384198197e-07,0.004555094055831432
1057,3.112779950242839e-06,-1.0504015790502308e-06,2.0018649101257324
1058,2.040565050265286e-07,2.0594906402493507e-07,-1.4901961088180542
1059,2.343797632420319e-06,-0.0007123629911802709,0.20481449365615845
1060,-1.0553058018558659e-06,-8.886111686479126e-07,-3.028114080429077
1061,2.6161200139540597e-07,-5.2334566902345614e-08,-2.6574671268463135
1062,4.3887494030059315e-06,1.7549051278820116e-07,0.3057813346385956
1063,-1.2092494898752193e-06,-1.082917265193828e-06,-2.609696865081787
1064,-1.0206122169620357e-06,2.60701511933803e-07,-0.36347103118896484
1065,-2.251811338283005e-06,-8.688396633260709e-07,-0.6090622544288635
1066,-3.995183760707732e-06,-7.959911840771383e-07,-3.397063732147217
1067,-2.466144678692217e-06,1.1579622594126704e-07,-2.8375627994537354
1068,-7.92328137322329e-06,-4.6731832981095067e-07,-3.360445261001587
1069,2.3772474833094748e-07,1.0192068344849758e-07,-3.7936296463012695
1070,-2.4989351459225873e-06,-8.970912404038245e-07,-0.7201449871063232
1071,-1.3413839496934088e-06,3.5923608265875373e-06,-2.4150302410125732
1072,-8.371844728571887e-07,4.5961350281231717e-08,-2.0073604583740234
1073,-2.0585605398082407e-06,-2.593259580407903e-07,-2.153777837753296
1074,-2.8089880288462155e-06,0.0006821571150794625,4.29641056060791
1075,1.7131180811702507e-06,2.1939883936283877e-06,-2.2963573932647705
1076,6.378716648214322e-07,-1.642984557292948e-07,-2.513014316558838
1077,-2.0315580968599534e-06,-2.724410705923219e-07,4.958252429962158
1078,-1.917212330226903e-06,2.1810619728057645e-06,-2.752007484436035
1079,1.740601192068425e-06,-6.010478728057933e-07,-1.5859241485595703
1080,1.461068222852191e-06,1.783447771686042e-07,-1.0635863542556763
1081,-1.5513322068727575e-05,-1.0334514399801265e-07,3.2857437133789062
1082,-1.0144710671511348e-07,-5.503315492205729e-07,-3.8982620239257812
1083,-5.886116923647933e-06,1.218589051887875e-08,1.7957475185394287
1084,-9.59723706728255e-07,-2.3836387086362265e-08,0.8469080924987793
1085,-1.7907395886140876e-06,-1.5117285556698334e-07,-0.405346155166626
1086,4.6756210281273525e-07,-1.112758170052075e-07,-0.39787739515304565
1087,2.8208698950038524e-06,-1.2340508419583784e-06,-2.041170120239258
1088,2.8191684577905107e-06,1.4570914572686888e-06,0.21402134001255035
1089,-4.952477411279688e-06,-1.1586025294718638e-07,0.23866936564445496
1090,-3.2887093937006284e-08,5.655766699419473e-07,1.3496888875961304
1091,4.3306243924234877e-07,6.309969649009872e-07,-0.3362646996974945
1092,-3.983721853728639e-06,0.0009729039738886058,2.553435802459717
1093,-4.350878270997782e-07,9.04826606529241e-07,0.5025066137313843
1094,-2.4204052806453547e-06,-9.155104976343864e-07,-2.3641357421875
1095,-1.399357302034332e-06,-7.678872293581662e-07,-0.384606271982193
1096,-3.681446059999871e-06,-4.358288788353093e-05,0.05403846874833107
1097,2.4558977074207178e-08,-7.58667681566294e-07,-1.5289784669876099
1098,1.5652661886633723e-06,-3.014569074366591e-07,-1.0917348861694336
1099,-6.92497178533813e-06,-1.7494372741566622e-06,1.8502483367919922
1100,-3.4108600175386528e-06,5.854037610220075e-08,-0.9533166885375977
1101,-1.9370131667528767e-06,-6.918022563695558e-07,-1.4558732509613037
1102,-3.695063242048491e-06,-7.932444532343652e-07,1.4243065118789673
1103,-1.819854560380918e-06,-0.0003099160094279796,5.920416831970215
1104,2.2428491774917347e-06,4.950095888744954e-09,3.762577533721924
1105,-4.96409256811603e-06,-1.9208573576179333e-06,-1.9666696786880493
1106,-3.6347107652545674e-06,1.2576059589264332e-06,-1.7540936470031738
1107,8.622286600257212e-07,-2.0033610326208873e-07,1.0015337467193604
1108,-1.5204371948129847e-06,-4.891533080808586e-07,0.9696061611175537
1109,2.0519848931144224e-06,9.904615794198435e-09,1.5616285800933838
1110,4.338230894518347e-07,7.723648991486698e-07,1.058928370475769
1111,2.854648073480348e-07,-1.7586182821105467e-06,-1.4790176153182983
1112,-5.042741577199195e-06,-5.115225221175024e-08,-0.9396069645881653
1113,-1.1214208370802226e-06,4.2772617803166213e-07,-1.4805324077606201
1114,-1.0648290071912925e-06,-1.2292360906940303e-06,-2.9564239978790283
1115,-1.3555051054936484e-06,-1.0921604598479462e-06,-1.6840143203735352
1116,-5.511583367479034e-07,-7.763570692986832e-07,-0.8959797024726868
1117,-1.6601873085164698e-06,6.823989338045067e-07,-2.0282976627349854
1118,-1.0722521892603254e-06,-1.8869457107939525e-07,1.2823678255081177
1119,-1.661636588323745e-06,1.9150138541590422e-06,-3.1679954528808594
1120,1.8592619426271995e-06,1.0110321468914663e-08,-4.0725603103637695
1121,-1.1337621799611952e-05,-1.0062669844046468e-06,-2.385075569152832
