file,length,min,max,dc,rms,loudness
egfxset/Spring Reverb/Bridge-Middle/1-0.wav,5.0,-0.8858820199966431,0.5611298084259033,2.7822951475779215e-08,-28.925195181394695,-25.970353617053654
egfxset/Spring Reverb/Bridge-Middle/1-1.wav,5.0,-0.8820458650588989,0.5922778844833374,3.7058194478352865e-07,-23.63424290952765,-19.622039435409018
egfxset/Spring Reverb/Bridge-Middle/1-10.wav,5.0,-0.8853480815887451,0.545886754989624,-1.319857935110728e-06,-30.143261870859945,-25.875966912148453
egfxset/Spring Reverb/Bridge-Middle/1-11.wav,5.0,-0.8899109363555908,0.5072500705718994,2.049460013707479e-06,-28.695272833248417,-25.89830090815772
egfxset/Spring Reverb/Bridge-Middle/1-12.wav,5.0,-0.8832287788391113,0.510919451713562,1.7022887865702312e-07,-31.091039301290643,-26.536274391261262
egfxset/Spring Reverb/Bridge-Middle/1-13.wav,5.0,-0.881566047668457,0.5225868225097656,-9.005094567934672e-07,-29.379661822102754,-25.69315988921809
egfxset/Spring Reverb/Bridge-Middle/1-14.wav,5.0,-0.8843870162963867,0.5902786254882812,6.656492749849955e-07,-29.37216050756533,-25.63330985033844
egfxset/Spring Reverb/Bridge-Middle/1-15.wav,5.0,-0.8838514089584351,0.530010461807251,-6.322816014289856e-07,-30.78649945717018,-26.58639451198615
egfxset/Spring Reverb/Bridge-Middle/1-16.wav,5.0,-0.8818576335906982,0.4970557689666748,-1.444329818089803e-07,-32.19191662058076,-29.303222919476067
egfxset/Spring Reverb/Bridge-Middle/1-17.wav,5.0,-0.8900490999221802,0.5322246551513672,5.912338693936666e-07,-32.8989912439061,-29.363440865546508
egfxset/Spring Reverb/Bridge-Middle/1-18.wav,5.0,-0.884149432182312,0.713471531867981,-1.1768490076065064e-07,-24.907163412074674,-21.66137055188574
egfxset/Spring Reverb/Bridge-Middle/1-19.wav,5.0,-0.8847802877426147,0.642054557800293,-9.021222591400146e-07,-22.40309482359354,-18.868853571321395
egfxset/Spring Reverb/Bridge-Middle/1-2.wav,5.0,-0.8894351720809937,0.709700345993042,-5.086362361907959e-08,-23.08471750077468,-21.258044183181394
egfxset/Spring Reverb/Bridge-Middle/1-20.wav,5.0,-0.8841447830200195,0.6026428937911987,2.9858201742172243e-07,-22.865419540477085,-19.582983508954822
egfxset/Spring Reverb/Bridge-Middle/1-21.wav,5.0,-0.8868368864059448,0.6122965812683105,9.75562632083893e-07,-22.985671844982374,-18.83455623379556
egfxset/Spring Reverb/Bridge-Middle/1-22.wav,5.0,-0.8856772184371948,0.722638726234436,-8.197981615861257e-06,-23.07987406613921,-19.486416126763263
egfxset/Spring Reverb/Bridge-Middle/1-3.wav,5.0,-0.889891505241394,0.681641697883606,3.510663906733195e-08,-25.444150788204944,-20.988699882661
egfxset/Spring Reverb/Bridge-Middle/1-4.wav,5.0,-0.8903499841690063,0.802575945854187,-6.211057305335998e-07,-24.53525863067927,-21.882475727521047
egfxset/Spring Reverb/Bridge-Middle/1-5.wav,5.0,-0.8834483623504639,0.6685202121734619,-1.8030683199564617e-06,-25.95634679085468,-21.809353397542452
egfxset/Spring Reverb/Bridge-Middle/1-6.wav,5.0,-0.8819655179977417,0.6963546276092529,-1.7231494188308715e-06,-26.228830802336756,-23.06318711653917
egfxset/Spring Reverb/Bridge-Middle/1-7.wav,5.0,-0.8912292718887329,0.7807393074035645,2.5526781876881915e-07,-27.091219957339987,-23.37938321460172
egfxset/Spring Reverb/Bridge-Middle/1-8.wav,5.0,-0.8835543394088745,0.7199188470840454,-5.439122517903646e-08,-25.20410906746108,-20.783002566912334
egfxset/Spring Reverb/Bridge-Middle/1-9.wav,5.0,-0.8825969696044922,0.6244299411773682,-1.7982284228006998e-06,-26.92167820544826,-23.09583239943686
egfxset/Spring Reverb/Bridge-Middle/2-0.wav,5.0,-0.8832721710205078,0.7908233404159546,9.077321489651997e-06,-21.812748478670887,-20.290546222189985
egfxset/Spring Reverb/Bridge-Middle/2-1.wav,5.0,-0.8838883638381958,0.7605997323989868,-5.910893281300862e-07,-18.451389170391884,-15.56126965190923
egfxset/Spring Reverb/Bridge-Middle/2-10.wav,5.0,-0.885582447052002,0.8455231189727783,-2.505640188852946e-07,-27.145789314636623,-23.824179716273893
egfxset/Spring Reverb/Bridge-Middle/2-11.wav,5.0,-0.8850538730621338,0.7278015613555908,-3.694420059521993e-07,-25.305376671914843,-22.954889280778886
egfxset/Spring Reverb/Bridge-Middle/2-12.wav,5.0,-0.8869293928146362,0.6295745372772217,3.347282608350118e-07,-25.76793955108062,-22.2178540086179
egfxset/Spring Reverb/Bridge-Middle/2-13.wav,5.0,-0.8903526067733765,0.6738228797912598,-3.5680333773295084e-07,-24.43261792529833,-19.574730410933697
egfxset/Spring Reverb/Bridge-Middle/2-14.wav,5.0,-0.8865276575088501,0.6735236644744873,1.5653818845748902e-07,-26.38859372695158,-23.29690966590907
egfxset/Spring Reverb/Bridge-Middle/2-15.wav,5.0,-0.8817846775054932,0.4958118200302124,-3.705799579620361e-07,-27.7594736938864,-24.396084787069622
egfxset/Spring Reverb/Bridge-Middle/2-16.wav,5.0,-0.881521463394165,0.5274478197097778,-6.181995073954264e-08,-24.191068851480075,-21.250441473628243
egfxset/Spring Reverb/Bridge-Middle/2-17.wav,5.0,-0.8889881372451782,0.7295790910720825,4.908144474029541e-08,-25.742279916253207,-21.69009656348351
egfxset/Spring Reverb/Bridge-Middle/2-18.wav,5.0,-0.8828248977661133,0.7269318103790283,-3.148953119913737e-07,-20.586202861660347,-17.148497591346604
egfxset/Spring Reverb/Bridge-Middle/2-19.wav,5.0,-0.882849931716919,0.79402756690979,-1.2419124444325765e-07,-23.39338966793295,-20.799418606083
egfxset/Spring Reverb/Bridge-Middle/2-2.wav,5.0,-0.8845432996749878,0.6884514093399048,-3.387346863746643e-07,-23.58082565100731,-21.695450124834476
egfxset/Spring Reverb/Bridge-Middle/2-20.wav,5.0,-0.8821197748184204,0.7491626739501953,-3.70939572652181e-09,-20.199079949235465,-16.074953982914383
egfxset/Spring Reverb/Bridge-Middle/2-21.wav,5.0,-0.8910442590713501,0.8738845586776733,-3.664021690686544e-07,-17.849067570424847,-15.381484230507375
egfxset/Spring Reverb/Bridge-Middle/2-22.wav,5.0,-0.8409923315048218,0.8874629735946655,-4.737782378991445e-05,-18.02535046547756,-15.028673182289022
egfxset/Spring Reverb/Bridge-Middle/2-3.wav,5.0,-0.8874340057373047,0.5447683334350586,-4.3073296546936036e-08,-23.859477377068355,-21.815757912134238
egfxset/Spring Reverb/Bridge-Middle/2-4.wav,5.0,-0.8856246471405029,0.6141546964645386,4.345148801803589e-07,-23.189480065011374,-20.771577518784657
egfxset/Spring Reverb/Bridge-Middle/2-5.wav,5.0,-0.882293701171875,0.5963699817657471,6.749138236045838e-07,-24.20784303107256,-21.254707820024453
egfxset/Spring Reverb/Bridge-Middle/2-6.wav,5.0,-0.8872517347335815,0.7037301063537598,-2.508665124575297e-07,-24.26284830675241,-21.44874120091843
egfxset/Spring Reverb/Bridge-Middle/2-7.wav,5.0,-0.8894486427307129,0.7659281492233276,3.214334448178609e-07,-22.93744535239059,-21.807462461802427
egfxset/Spring Reverb/Bridge-Middle/2-8.wav,5.0,-0.8885045051574707,0.7648948431015015,-6.219953298568725e-07,-26.495036026866412,-23.840944768290743
egfxset/Spring Reverb/Bridge-Middle/2-9.wav,5.0,-0.882085919380188,0.8443565368652344,-4.636794328689575e-08,-25.779751834089883,-22.831879939861008
egfxset/Spring Reverb/Bridge-Middle/3-0.wav,5.0,-0.881905198097229,0.7397966384887695,4.124614844719569e-05,-20.45552487117711,-19.26999780726754
egfxset/Spring Reverb/Bridge-Middle/3-1.wav,5.0,-0.8872075080871582,0.7552369832992554,-2.0624299844106037e-07,-24.367814380702974,-23.2344590217339
egfxset/Spring Reverb/Bridge-Middle/3-10.wav,5.0,-0.8851630687713623,0.8096686601638794,1.5120903650919596e-06,-20.892222931662833,-18.33068678031085
egfxset/Spring Reverb/Bridge-Middle/3-11.wav,5.0,-0.8842564821243286,0.6374281644821167,7.078429063161214e-07,-20.608569001380133,-18.393362853837736
egfxset/Spring Reverb/Bridge-Middle/3-12.wav,5.0,-0.8911639451980591,0.6982266902923584,-2.7825931708017984e-07,-26.204380586035356,-22.894847533001812
egfxset/Spring Reverb/Bridge-Middle/3-13.wav,5.0,-0.8816365003585815,0.6213507652282715,-2.8445472319920856e-07,-24.479898699657582,-21.119305942988586
egfxset/Spring Reverb/Bridge-Middle/3-14.wav,5.0,-0.8901888132095337,0.8176888227462769,3.7809014320373536e-07,-26.78231772856961,-23.896659058641614
egfxset/Spring Reverb/Bridge-Middle/3-15.wav,5.0,-0.8885815143585205,0.8617521524429321,-4.023080070813497e-07,-23.133167007843916,-20.631289300293915
egfxset/Spring Reverb/Bridge-Middle/3-16.wav,5.0,-0.8841185569763184,0.7745357751846313,-2.2379507621129354e-07,-25.667821807497333,-23.00408441658549
egfxset/Spring Reverb/Bridge-Middle/3-17.wav,5.0,-0.8878805637359619,0.6111469268798828,7.64023760954539e-07,-18.73442576042127,-15.44090463437661
egfxset/Spring Reverb/Bridge-Middle/3-18.wav,5.0,-0.884035587310791,0.7274518013000488,-5.864267547925313e-07,-26.447340097312054,-24.127922931084324
egfxset/Spring Reverb/Bridge-Middle/3-19.wav,5.0,-0.8893277645111084,0.7115491628646851,4.330525795618693e-08,-26.283002651252566,-22.11602876298813
egfxset/Spring Reverb/Bridge-Middle/3-2.wav,5.0,-0.8911159038543701,0.720859169960022,-6.804615259170532e-08,-22.862333149660856,-20.470878871475925
egfxset/Spring Reverb/Bridge-Middle/3-20.wav,5.0,-0.8819116353988647,0.6998370885848999,-5.861719449361165e-07,-22.399809785378455,-20.798076586217277
egfxset/Spring Reverb/Bridge-Middle/3-21.wav,5.0,-0.888264536857605,0.7340246438980103,1.5390415986378987e-08,-21.07243296536121,-18.92176839182737
egfxset/Spring Reverb/Bridge-Middle/3-22.wav,5.0,-0.8907225131988525,0.676609992980957,3.168095151583354e-06,-22.01589763611192,-19.898669332733643
egfxset/Spring Reverb/Bridge-Middle/3-3.wav,5.0,-0.8815383911132812,0.8013449907302856,-3.5670896371205647e-07,-17.313591806344615,-15.359210069834603
egfxset/Spring Reverb/Bridge-Middle/3-4.wav,5.0,-0.8889657258987427,0.622922420501709,4.581113656361898e-09,-21.72633525309791,-19.779974423456846
egfxset/Spring Reverb/Bridge-Middle/3-5.wav,5.0,-0.8090163469314575,0.8872013092041016,-3.2357032100359597e-06,-16.217521513440833,-14.679927121457592
egfxset/Spring Reverb/Bridge-Middle/3-6.wav,5.0,-0.8883066177368164,0.6898696422576904,-1.5707825620969136e-06,-21.062688537245187,-20.4368139746782
egfxset/Spring Reverb/Bridge-Middle/3-7.wav,5.0,-0.8862544298171997,0.7477903366088867,3.7887593110402425e-07,-18.994945245489554,-18.27819532302483
egfxset/Spring Reverb/Bridge-Middle/3-8.wav,5.0,-0.8892154693603516,0.7450857162475586,1.1169612407684326e-07,-23.74796304067675,-22.81215394176553
egfxset/Spring Reverb/Bridge-Middle/3-9.wav,5.0,-0.8881447315216064,0.6355823278427124,-2.390936017036438e-07,-20.211049362418102,-17.072995310397644
egfxset/Spring Reverb/Bridge-Middle/4-0.wav,5.0,-0.8896369934082031,0.6615784168243408,-3.558923304080963e-06,-17.346904866053524,-17.34996398424884
egfxset/Spring Reverb/Bridge-Middle/4-1.wav,5.0,-0.8908544778823853,0.7424314022064209,-3.1286080678304037e-07,-19.732993226203646,-19.48091092633264
egfxset/Spring Reverb/Bridge-Middle/4-10.wav,5.0,-0.8865904808044434,0.6051959991455078,-7.627407709757487e-09,-23.8547365024635,-22.90548017120988
egfxset/Spring Reverb/Bridge-Middle/4-11.wav,5.0,-0.8858394622802734,0.6547520160675049,-1.9644945859909058e-07,-27.525428895925224,-25.801593151436514
egfxset/Spring Reverb/Bridge-Middle/4-12.wav,5.0,-0.887667179107666,0.6177859306335449,5.309879779815674e-08,-22.84114111405918,-21.084544344729657
egfxset/Spring Reverb/Bridge-Middle/4-13.wav,5.0,-0.884156346321106,0.6259621381759644,-4.097188512484233e-07,-21.744991830697234,-21.00119191813189
egfxset/Spring Reverb/Bridge-Middle/4-14.wav,5.0,-0.8820114135742188,0.593374490737915,9.673039118448893e-08,-24.164463513107318,-22.64924927865791
egfxset/Spring Reverb/Bridge-Middle/4-15.wav,5.0,-0.8894435167312622,0.6178503036499023,-3.8945029179255166e-07,-22.165200083928475,-18.809942919074466
egfxset/Spring Reverb/Bridge-Middle/4-16.wav,5.0,-0.8864011764526367,0.5572994947433472,4.3684144814809164e-07,-21.653574609902165,-19.429819033539673
egfxset/Spring Reverb/Bridge-Middle/4-17.wav,5.0,-0.8848848342895508,0.6868849992752075,-5.283042788505554e-07,-22.214141295738628,-19.303831245597245
egfxset/Spring Reverb/Bridge-Middle/4-18.wav,5.0,-0.8879373073577881,0.5174033641815186,-3.5315404335657754e-07,-24.395461710551704,-22.983314501868744
egfxset/Spring Reverb/Bridge-Middle/4-19.wav,5.0,-0.8864136934280396,0.4657996892929077,2.858976523081462e-07,-26.096526046920477,-22.50642485408102
egfxset/Spring Reverb/Bridge-Middle/4-2.wav,5.0,-0.886123538017273,0.81236732006073,8.376086751619974e-07,-18.00999200813009,-16.98294375207002
egfxset/Spring Reverb/Bridge-Middle/4-20.wav,5.0,-0.8886401653289795,0.5030056238174438,-1.3454556465148925e-07,-19.772442868229906,-18.031951532626692
egfxset/Spring Reverb/Bridge-Middle/4-21.wav,5.0,-0.8899656534194946,0.6387026309967041,-1.7708639303843181e-07,-21.301565504390247,-19.71014769193603
egfxset/Spring Reverb/Bridge-Middle/4-22.wav,5.0,-0.8841681480407715,0.7196210622787476,-5.12300580739975e-06,-20.135235231141266,-16.80293975614722
egfxset/Spring Reverb/Bridge-Middle/4-3.wav,5.0,-0.8819261789321899,0.8377542495727539,-1.2687022487322489e-06,-14.385871466458466,-14.029258290165078
egfxset/Spring Reverb/Bridge-Middle/4-4.wav,5.0,-0.884476900100708,0.6857928037643433,7.694100340207418e-07,-20.759809474139274,-19.984648853366078
egfxset/Spring Reverb/Bridge-Middle/4-5.wav,5.0,-0.884033203125,0.6911180019378662,-2.2780299186706542e-07,-18.899540678882257,-17.47617568744532
egfxset/Spring Reverb/Bridge-Middle/4-6.wav,5.0,-0.8864809274673462,0.527267575263977,-6.720930337905884e-07,-26.09504760027294,-24.326210456488976
egfxset/Spring Reverb/Bridge-Middle/4-7.wav,5.0,-0.8882869482040405,0.5290169715881348,-3.043512503306071e-08,-25.2312966168288,-23.442436185838332
egfxset/Spring Reverb/Bridge-Middle/4-8.wav,5.0,-0.8880985975265503,0.590793251991272,9.235988060633341e-08,-23.004479520150504,-21.93247469667983
egfxset/Spring Reverb/Bridge-Middle/4-9.wav,5.0,-0.8823438882827759,0.5760687589645386,3.328348199526469e-07,-23.127996560169816,-20.38817411109912
egfxset/Spring Reverb/Bridge-Middle/5-0.wav,5.0,-0.8861260414123535,0.6279910802841187,8.70025505622228e-06,-16.715553951270756,-17.024590242567562
egfxset/Spring Reverb/Bridge-Middle/5-1.wav,5.0,-0.8863557577133179,0.7914746999740601,-1.2721747159957886e-06,-17.789331303564534,-16.815549536772078
egfxset/Spring Reverb/Bridge-Middle/5-10.wav,5.0,-0.8843467235565186,0.46339523792266846,-1.0884106159210205e-07,-20.606438255152018,-20.170773857648456
egfxset/Spring Reverb/Bridge-Middle/5-11.wav,5.0,-0.8831143379211426,0.5955082178115845,-4.011253515879313e-07,-25.62849481637201,-24.687326409503793
egfxset/Spring Reverb/Bridge-Middle/5-12.wav,5.0,-0.8876913785934448,0.4530324935913086,-2.1908039848009746e-06,-20.31019748785009,-19.654782461956973
egfxset/Spring Reverb/Bridge-Middle/5-13.wav,5.0,-0.8838818073272705,0.7948487997055054,-2.957776188850403e-07,-19.543473852162087,-17.27524800567206
egfxset/Spring Reverb/Bridge-Middle/5-14.wav,5.0,-0.8866287469863892,0.6204395294189453,2.1034528811772666e-07,-15.732170093730044,-13.731945566382523
egfxset/Spring Reverb/Bridge-Middle/5-15.wav,5.0,-0.6990913152694702,0.8824330568313599,-3.532181183497111e-07,-14.997683030030585,-13.266692327435686
egfxset/Spring Reverb/Bridge-Middle/5-16.wav,5.0,-0.8832229375839233,0.5788489580154419,-1.0085185368855794e-06,-20.303137625226157,-18.690320003305114
egfxset/Spring Reverb/Bridge-Middle/5-17.wav,5.0,-0.8847554922103882,0.5985207557678223,1.1550486087799073e-07,-18.19529447407085,-16.593497103600217
egfxset/Spring Reverb/Bridge-Middle/5-18.wav,5.0,-0.8870891332626343,0.6870913505554199,-2.1290282408396404e-08,-16.068733621863608,-14.075813658748553
egfxset/Spring Reverb/Bridge-Middle/5-19.wav,5.0,-0.8846276998519897,0.6798790693283081,1.1320198575655618e-06,-17.69766923801395,-16.402564304927953
egfxset/Spring Reverb/Bridge-Middle/5-2.wav,5.0,-0.886699914932251,0.7621396780014038,-3.995100657145182e-07,-17.229267607097935,-16.694853264122372
egfxset/Spring Reverb/Bridge-Middle/5-20.wav,5.0,-0.8668071031570435,0.8906484842300415,-9.67790683110555e-08,-12.258126643136027,-10.105396581013412
egfxset/Spring Reverb/Bridge-Middle/5-21.wav,5.0,-0.8886802196502686,0.7553496360778809,-2.829030156135559e-07,-18.483163780426043,-16.571846613542153
egfxset/Spring Reverb/Bridge-Middle/5-22.wav,5.0,-0.8844830989837646,0.7725340127944946,2.306049068768819e-07,-19.608863376568767,-16.191154256558583
egfxset/Spring Reverb/Bridge-Middle/5-3.wav,5.0,-0.8910226821899414,0.788384199142456,2.92147696018219e-07,-16.372319786541507,-15.433914901921353
egfxset/Spring Reverb/Bridge-Middle/5-4.wav,5.0,-0.8900967836380005,0.5401118993759155,-1.28840704758962e-06,-21.28565031073906,-21.899263712034
egfxset/Spring Reverb/Bridge-Middle/5-5.wav,5.0,-0.8877800703048706,0.668787956237793,-1.6611913839975993e-07,-18.517045375171428,-17.85000559076831
egfxset/Spring Reverb/Bridge-Middle/5-6.wav,5.0,-0.8883635997772217,0.45964086055755615,-1.5609959761301678e-08,-19.92396090971073,-19.959957610446796
egfxset/Spring Reverb/Bridge-Middle/5-7.wav,5.0,-0.8848199844360352,0.46691226959228516,-1.4535834391911825e-07,-20.58825385724798,-20.37298800731922
egfxset/Spring Reverb/Bridge-Middle/5-8.wav,5.0,-0.8910120725631714,0.6913962364196777,-1.748951772848765e-06,-16.8087210264042,-15.054012800720576
egfxset/Spring Reverb/Bridge-Middle/5-9.wav,5.0,-0.887887716293335,0.5106229782104492,6.733621160189311e-07,-19.570593295952428,-18.170643531728217
egfxset/Spring Reverb/Bridge-Middle/6-0.wav,5.0,-0.8819246292114258,0.6761192083358765,-1.5979538361231487e-06,-16.157310155837205,-16.406149293751785
egfxset/Spring Reverb/Bridge-Middle/6-1.wav,5.0,-0.885861873626709,0.46571552753448486,-2.52649188041687e-08,-19.57453404054825,-19.22801660477815
egfxset/Spring Reverb/Bridge-Middle/6-10.wav,5.0,-0.8885539770126343,0.5529379844665527,-6.59423569838206e-07,-20.11114503599437,-19.458391684166102
egfxset/Spring Reverb/Bridge-Middle/6-11.wav,5.0,-0.8827087879180908,0.4972193241119385,4.032800594965617e-08,-22.314022605761096,-21.84604611326593
egfxset/Spring Reverb/Bridge-Middle/6-12.wav,5.0,-0.8886826038360596,0.3940572738647461,5.447367827097575e-08,-20.041597841026423,-17.765200403660476
egfxset/Spring Reverb/Bridge-Middle/6-13.wav,5.0,-0.8859142065048218,0.49410152435302734,9.584516286849975e-07,-21.626433086374796,-20.332227039047726
egfxset/Spring Reverb/Bridge-Middle/6-14.wav,5.0,-0.8860198259353638,0.4582083225250244,-1.2630621592203777e-07,-22.196663376582446,-22.019634130134587
egfxset/Spring Reverb/Bridge-Middle/6-15.wav,5.0,-0.8891048431396484,0.5613605976104736,-2.2086004416147867e-08,-20.22988817098096,-19.19675460039923
egfxset/Spring Reverb/Bridge-Middle/6-16.wav,5.0,-0.8891416788101196,0.6331653594970703,-1.0188077886899312e-06,-19.050787305979263,-17.43329568040624
egfxset/Spring Reverb/Bridge-Middle/6-17.wav,5.0,-0.8897427320480347,0.6543664932250977,-1.7181252439816793e-06,-16.987437078389366,-14.112751753270366
egfxset/Spring Reverb/Bridge-Middle/6-18.wav,5.0,-0.8884752988815308,0.7558610439300537,6.959954897562663e-07,-18.064308500085662,-16.92296430381409
egfxset/Spring Reverb/Bridge-Middle/6-19.wav,5.0,-0.8811990022659302,0.8633882999420166,-3.171877066294352e-06,-15.012125002517159,-13.394324772892286
egfxset/Spring Reverb/Bridge-Middle/6-2.wav,5.0,-0.8902720212936401,0.5447945594787598,3.964538375536601e-07,-20.530857943552782,-20.589043679781444
egfxset/Spring Reverb/Bridge-Middle/6-20.wav,5.0,-0.8839720487594604,0.7409029006958008,4.1088958581288653e-07,-14.385833527901614,-12.752924977968718
egfxset/Spring Reverb/Bridge-Middle/6-21.wav,5.0,-0.884152889251709,0.6900380849838257,-4.037251075108846e-07,-18.89259246027632,-18.450939086654348
egfxset/Spring Reverb/Bridge-Middle/6-22.wav,5.0,-0.8832471370697021,0.8480058908462524,1.6303757826487224e-07,-17.76589335129429,-15.063740165790174
egfxset/Spring Reverb/Bridge-Middle/6-3.wav,5.0,-0.8867878913879395,0.5056992769241333,4.125828544298808e-07,-21.71690342526457,-21.048899501927828
egfxset/Spring Reverb/Bridge-Middle/6-4.wav,5.0,-0.8866417407989502,0.5202523469924927,-7.825593153635661e-07,-22.6350518078589,-22.58744736204328
egfxset/Spring Reverb/Bridge-Middle/6-5.wav,5.0,-0.884610652923584,0.5371690988540649,-3.5920987526575724e-07,-19.69438477018536,-18.411160598170156
egfxset/Spring Reverb/Bridge-Middle/6-6.wav,5.0,-0.8858771324157715,0.5978177785873413,-5.563100179036459e-09,-19.83808783707316,-19.097082914491107
egfxset/Spring Reverb/Bridge-Middle/6-7.wav,5.0,-0.8871515989303589,0.6986852884292603,-6.312315662701924e-07,-17.353757307340185,-16.504303861450246
egfxset/Spring Reverb/Bridge-Middle/6-8.wav,5.0,-0.8834679126739502,0.3777214288711548,-1.536145806312561e-07,-19.657832211882567,-18.508182591937164
egfxset/Spring Reverb/Bridge-Middle/6-9.wav,5.0,-0.8878546953201294,0.5004347562789917,1.1276662349700928e-06,-23.295754498260077,-23.336247862694385
egfxset/Spring Reverb/Bridge/1-0.wav,5.0,-0.8828091621398926,0.8846081495285034,2.7501583099365233e-08,-24.351850657227757,-20.46191814308389
egfxset/Spring Reverb/Bridge/1-1.wav,5.0,-0.8897178173065186,0.6829910278320312,-3.1927675008773806e-07,-21.41604975535337,-15.821400601466083
egfxset/Spring Reverb/Bridge/1-10.wav,5.0,-0.8897725343704224,0.7017209529876709,-1.3743440310160319e-06,-25.13675655074943,-19.249867810422895
egfxset/Spring Reverb/Bridge/1-11.wav,5.0,-0.8840774297714233,0.6583584547042847,-2.915779749552409e-07,-25.624880817197806,-20.721081669079183
egfxset/Spring Reverb/Bridge/1-12.wav,5.0,-0.8844159841537476,0.6169192790985107,-1.3278971115748087e-07,-26.2916016288018,-21.124011052065235
egfxset/Spring Reverb/Bridge/1-13.wav,5.0,-0.888333797454834,0.7266658544540405,1.1331538359324137e-07,-28.266787451841296,-22.202447424624687
egfxset/Spring Reverb/Bridge/1-14.wav,5.0,-0.8874421119689941,0.6952946186065674,-8.76044233640035e-08,-27.81780318393971,-21.63541002734811
egfxset/Spring Reverb/Bridge/1-15.wav,5.0,-0.8830628395080566,0.620746374130249,3.299216429392497e-08,-30.031709695913406,-25.44359515003568
egfxset/Spring Reverb/Bridge/1-16.wav,5.0,-0.8851583003997803,0.5736925601959229,-4.399309555689494e-07,-31.167702083745148,-25.098319306300347
egfxset/Spring Reverb/Bridge/1-17.wav,5.0,-0.8829619884490967,0.5836071968078613,2.626786629358927e-07,-24.899164054207116,-20.08252776786839
egfxset/Spring Reverb/Bridge/1-18.wav,5.0,-0.8862377405166626,0.6256016492843628,-1.5106747547785442e-07,-23.568116562621967,-18.87524196038031
egfxset/Spring Reverb/Bridge/1-19.wav,5.0,-0.8894932270050049,0.5882081985473633,-1.7406443754831949e-07,-22.96259688800803,-17.726771978743
egfxset/Spring Reverb/Bridge/1-2.wav,5.0,-0.8885626792907715,0.5636504888534546,-1.5127559502919516e-07,-24.490086488864634,-19.208767025987317
egfxset/Spring Reverb/Bridge/1-20.wav,5.0,-0.8820171356201172,0.7934980392456055,-2.1922638018925986e-07,-19.53780697953118,-13.204423995409352
egfxset/Spring Reverb/Bridge/1-21.wav,5.0,-0.8893948793411255,0.8426254987716675,-6.562918424606323e-08,-18.2002339377038,-12.126014969149686
egfxset/Spring Reverb/Bridge/1-22.wav,5.0,-0.8071293830871582,0.888088583946228,1.0821868975957234e-07,-21.092935102990126,-16.05959368392315
egfxset/Spring Reverb/Bridge/1-3.wav,5.0,-0.8896981477737427,0.6982846260070801,-9.68828797340393e-08,-24.032949392497144,-19.443038229392915
egfxset/Spring Reverb/Bridge/1-4.wav,5.0,-0.888171911239624,0.5792182683944702,5.932882428169251e-07,-24.857003351417333,-20.830490959689353
egfxset/Spring Reverb/Bridge/1-5.wav,5.0,-0.8832972049713135,0.6623142957687378,-3.8173397382100424e-07,-24.524144605306283,-19.574879199471326
egfxset/Spring Reverb/Bridge/1-6.wav,5.0,-0.8811784982681274,0.6248090267181396,-1.1281271775563558e-07,-24.702643425269923,-19.726656602456412
egfxset/Spring Reverb/Bridge/1-7.wav,5.0,-0.8885707855224609,0.5222699642181396,-6.286948919296265e-08,-25.97090634458704,-21.41950960337767
egfxset/Spring Reverb/Bridge/1-8.wav,5.0,-0.8911837339401245,0.630306601524353,-2.3075789213180543e-07,-24.517234823502005,-18.633312414231934
egfxset/Spring Reverb/Bridge/1-9.wav,5.0,-0.8900654315948486,0.6483818292617798,3.659526507059733e-08,-25.83610472970838,-20.823155100710274
egfxset/Spring Reverb/Bridge/2-0.wav,5.0,-0.8845425844192505,0.7381422519683838,3.514190514882406e-08,-23.536073841387793,-20.834212792015997
egfxset/Spring Reverb/Bridge/2-1.wav,5.0,-0.8884682655334473,0.6241294145584106,-6.330509980519612e-08,-21.569713122543256,-19.20605044539367
egfxset/Spring Reverb/Bridge/2-10.wav,5.0,-0.8885687589645386,0.6899615526199341,-8.074253797531128e-07,-27.371062873222442,-23.518954301988522
egfxset/Spring Reverb/Bridge/2-11.wav,5.0,-0.8836948871612549,0.6528477668762207,3.1675547361373903e-07,-26.86940323291023,-22.89635281028838
egfxset/Spring Reverb/Bridge/2-12.wav,5.0,-0.8827710151672363,0.6105771064758301,-5.352313319842021e-07,-28.93847388784568,-24.920508607804496
egfxset/Spring Reverb/Bridge/2-13.wav,5.0,-0.8835633993148804,0.732474684715271,4.273255666097005e-08,-27.618222977322105,-23.09833246320058
egfxset/Spring Reverb/Bridge/2-14.wav,5.0,-0.8866535425186157,0.8293700218200684,-5.870858828226725e-08,-28.360160730594806,-23.309560212190082
egfxset/Spring Reverb/Bridge/2-15.wav,5.0,-0.8881638050079346,0.7809107303619385,-2.1301756302515665e-07,-26.908362960322854,-22.701261108382866
egfxset/Spring Reverb/Bridge/2-16.wav,5.0,-0.888475775718689,0.6552345752716064,2.687479058901469e-07,-23.684011128560684,-20.018250406102894
egfxset/Spring Reverb/Bridge/2-17.wav,5.0,-0.8869268894195557,0.6528849601745605,-6.321643789609273e-07,-26.94993799905072,-23.1000476887846
egfxset/Spring Reverb/Bridge/2-18.wav,5.0,-0.8855587244033813,0.7291229963302612,5.654796957969666e-07,-20.58746212073539,-16.12018062073573
egfxset/Spring Reverb/Bridge/2-19.wav,5.0,-0.8831832408905029,0.6251732110977173,-6.149490674336751e-07,-24.626706556694117,-21.269699576465918
egfxset/Spring Reverb/Bridge/2-2.wav,5.0,-0.8840069770812988,0.5890681743621826,-2.3260960976282755e-07,-25.25332524447802,-21.322804078346824
egfxset/Spring Reverb/Bridge/2-20.wav,5.0,-0.8887355327606201,0.7036867141723633,1.942962408065796e-08,-19.522622442201865,-14.658867852401935
egfxset/Spring Reverb/Bridge/2-21.wav,5.0,-0.8814830780029297,0.6770466566085815,-1.2160142262776693e-07,-19.452745091867488,-15.141163594987727
egfxset/Spring Reverb/Bridge/2-22.wav,5.0,-0.8858425617218018,0.7462992668151855,-1.683458685874939e-07,-20.550238263485205,-15.263160203713447
egfxset/Spring Reverb/Bridge/2-3.wav,5.0,-0.8844037055969238,0.630313515663147,-3.374745448430379e-07,-24.300848524472705,-21.968542890618114
egfxset/Spring Reverb/Bridge/2-4.wav,5.0,-0.8851286172866821,0.6024665832519531,1.56003733476003e-07,-23.228669583158226,-18.714078182164787
egfxset/Spring Reverb/Bridge/2-5.wav,5.0,-0.8911780118942261,0.5194214582443237,-2.8267304102579755e-07,-22.78677449886934,-18.26698014812508
egfxset/Spring Reverb/Bridge/2-6.wav,5.0,-0.8864917755126953,0.5719091892242432,1.6039758920669554e-07,-22.102832431476102,-18.653892549151877
egfxset/Spring Reverb/Bridge/2-7.wav,5.0,-0.8906375169754028,0.6005889177322388,-3.053322434425354e-07,-24.85683447813343,-22.020212409860186
egfxset/Spring Reverb/Bridge/2-8.wav,5.0,-0.8881357908248901,0.7190796136856079,-1.1534005403518677e-06,-23.136807714074912,-19.551712555866963
egfxset/Spring Reverb/Bridge/2-9.wav,5.0,-0.8906407356262207,0.7171422243118286,1.9679332772890726e-06,-25.662218292060146,-22.342729532961005
egfxset/Spring Reverb/Bridge/3-0.wav,5.0,-0.8900671005249023,0.7232445478439331,-3.413945436477661e-07,-23.07971428309714,-20.47168786429415
egfxset/Spring Reverb/Bridge/3-1.wav,5.0,-0.8890143632888794,0.6993063688278198,2.3379921913146972e-07,-25.28622827441495,-21.790142385192983
egfxset/Spring Reverb/Bridge/3-10.wav,5.0,-0.8889687061309814,0.5245901346206665,2.608006199200948e-07,-26.38197065722047,-22.619115231606962
egfxset/Spring Reverb/Bridge/3-11.wav,5.0,-0.8879708051681519,0.5264154672622681,-2.921069661776225e-07,-24.453371108208298,-21.45946736995259
egfxset/Spring Reverb/Bridge/3-12.wav,5.0,-0.8874362707138062,0.5218976736068726,-6.052941083908082e-07,-25.656498760779144,-22.206103099071967
egfxset/Spring Reverb/Bridge/3-13.wav,5.0,-0.8881633281707764,0.6233013868331909,-1.7898827791213988e-07,-25.685014408738066,-22.16242878951172
egfxset/Spring Reverb/Bridge/3-14.wav,5.0,-0.8878024816513062,0.5875469446182251,1.147132118542989e-06,-27.960116273123873,-24.58789825003343
egfxset/Spring Reverb/Bridge/3-15.wav,5.0,-0.884093165397644,0.61705482006073,-9.651680787404378e-07,-23.8449290684779,-20.48290508904858
egfxset/Spring Reverb/Bridge/3-16.wav,5.0,-0.8893027305603027,0.7094135284423828,-2.551873524983724e-07,-23.6206547399026,-21.339738654791855
egfxset/Spring Reverb/Bridge/3-17.wav,5.0,-0.8885096311569214,0.5759924650192261,-3.1153857707977295e-07,-23.522208108016937,-21.284437701228224
egfxset/Spring Reverb/Bridge/3-18.wav,5.0,-0.8811615705490112,0.5451147556304932,-3.6781926949818927e-07,-25.7468457131545,-22.81063683882441
egfxset/Spring Reverb/Bridge/3-19.wav,5.0,-0.8859481811523438,0.48912811279296875,1.3098915417989096e-07,-23.541679685901677,-20.04167167118655
egfxset/Spring Reverb/Bridge/3-2.wav,5.0,-0.8817554712295532,0.6915473937988281,-2.0698110262552898e-07,-23.63918003035205,-20.785165091023803
egfxset/Spring Reverb/Bridge/3-20.wav,5.0,-0.8867417573928833,0.6994372606277466,2.298941214879354e-07,-23.284126029894896,-20.11372928862101
egfxset/Spring Reverb/Bridge/3-21.wav,5.0,-0.8887852430343628,0.7618027925491333,-1.1765062808990479e-07,-22.371995375388284,-19.560355420445664
egfxset/Spring Reverb/Bridge/3-22.wav,5.0,-0.8853949308395386,0.7133166790008545,4.0718317031860354e-07,-19.988300461057886,-16.49886565515707
egfxset/Spring Reverb/Bridge/3-3.wav,5.0,-0.8886541128158569,0.695414662361145,-7.972031831741333e-07,-22.820030622337605,-21.30686465856976
egfxset/Spring Reverb/Bridge/3-4.wav,5.0,-0.8847545385360718,0.6834241151809692,2.583165963490804e-07,-21.31313619337532,-19.228975386372525
egfxset/Spring Reverb/Bridge/3-5.wav,5.0,-0.8912103176116943,0.7000502347946167,2.794841925303141e-07,-19.258313300554214,-17.313381323837774
egfxset/Spring Reverb/Bridge/3-6.wav,5.0,-0.8901017904281616,0.5769474506378174,-4.376580317815145e-07,-23.67501603157897,-21.559142640347634
egfxset/Spring Reverb/Bridge/3-7.wav,5.0,-0.88486647605896,0.5488603115081787,2.8810898462931315e-08,-25.164173441639196,-22.803580994666834
egfxset/Spring Reverb/Bridge/3-8.wav,5.0,-0.887431263923645,0.5551890134811401,-7.933358351389567e-07,-24.855284583953132,-22.110962355144185
egfxset/Spring Reverb/Bridge/3-9.wav,5.0,-0.8838365077972412,0.6109757423400879,-3.357991576194763e-07,-24.040696434951364,-22.11496704529195
egfxset/Spring Reverb/Bridge/4-0.wav,5.0,-0.8838924169540405,0.6512387990951538,-9.464909633000692e-07,-20.906829882281066,-20.600874835945483
egfxset/Spring Reverb/Bridge/4-1.wav,5.0,-0.8843988180160522,0.6625335216522217,-3.0361612637837726e-08,-20.374806092871275,-19.836176040183563
egfxset/Spring Reverb/Bridge/4-10.wav,5.0,-0.8864386081695557,0.45122599601745605,1.418555776278178e-07,-25.165713016815467,-23.25411673767559
egfxset/Spring Reverb/Bridge/4-11.wav,5.0,-0.8878544569015503,0.39571380615234375,6.098280350367228e-07,-26.079171518146367,-24.552258931848474
egfxset/Spring Reverb/Bridge/4-12.wav,5.0,-0.8838697671890259,0.35187363624572754,8.597671985626221e-08,-27.936052876031642,-26.531173157921316
egfxset/Spring Reverb/Bridge/4-13.wav,5.0,-0.884925127029419,0.46659111976623535,4.0399978558222454e-07,-23.198334515575276,-21.933782828988075
egfxset/Spring Reverb/Bridge/4-14.wav,5.0,-0.8903834819793701,0.5691165924072266,-4.2948722839355466e-07,-25.477231170200092,-23.359981250658155
egfxset/Spring Reverb/Bridge/4-15.wav,5.0,-0.8844293355941772,0.4804145097732544,-9.049902359644572e-07,-23.22442205730557,-21.863374692386298
egfxset/Spring Reverb/Bridge/4-16.wav,5.0,-0.8908761739730835,0.4474635124206543,4.4078628222147626e-08,-24.986255210103412,-22.940429952694117
egfxset/Spring Reverb/Bridge/4-17.wav,5.0,-0.8838919401168823,0.46950650215148926,8.01864763100942e-07,-25.718742995679914,-23.190514776756597
egfxset/Spring Reverb/Bridge/4-18.wav,5.0,-0.8828926086425781,0.5994430780410767,-1.4616891741752624e-06,-22.29551275637318,-20.432423991789058
egfxset/Spring Reverb/Bridge/4-19.wav,5.0,-0.8907138109207153,0.5405865907669067,2.2365649541219074e-08,-25.39414761856615,-23.152980205276716
egfxset/Spring Reverb/Bridge/4-2.wav,5.0,-0.8839647769927979,0.6773569583892822,-6.494522094726563e-07,-20.560317258081604,-19.830434149728486
egfxset/Spring Reverb/Bridge/4-20.wav,5.0,-0.8877134323120117,0.8581663370132446,-2.756694952646891e-07,-14.67570509790984,-11.952373234042696
egfxset/Spring Reverb/Bridge/4-21.wav,5.0,-0.7753061056137085,0.8844518661499023,-2.8422077496846517e-07,-20.61600673917411,-17.739538039519598
egfxset/Spring Reverb/Bridge/4-22.wav,5.0,-0.8833253383636475,0.78763747215271,5.628854036331177e-07,-16.93425222242981,-13.365006467356228
egfxset/Spring Reverb/Bridge/4-3.wav,5.0,-0.882526159286499,0.878128170967102,6.774206956227621e-07,-15.714090895870001,-15.367367410318112
egfxset/Spring Reverb/Bridge/4-4.wav,5.0,-0.8834798336029053,0.6116511821746826,-3.1416813532511393e-07,-22.519121602291982,-21.505408213283676
egfxset/Spring Reverb/Bridge/4-5.wav,5.0,-0.8847485780715942,0.5016524791717529,-1.0340412457784016e-08,-22.780409965190266,-21.74604933017506
egfxset/Spring Reverb/Bridge/4-6.wav,5.0,-0.8900662660598755,0.4947192668914795,2.0251835385958355e-06,-25.899832620023872,-22.599666697044977
egfxset/Spring Reverb/Bridge/4-7.wav,5.0,-0.8854842185974121,0.4763854742050171,-4.2493691047032675e-07,-27.385904011531835,-23.980323407046622
egfxset/Spring Reverb/Bridge/4-8.wav,5.0,-0.8829646110534668,0.5168277025222778,-2.395366628964742e-07,-24.172864946961138,-21.60369688998906
egfxset/Spring Reverb/Bridge/4-9.wav,5.0,-0.889672040939331,0.6138097047805786,-4.40080463886261e-07,-24.366664467774868,-20.937540749249585
egfxset/Spring Reverb/Bridge/5-0.wav,5.0,-0.8875315189361572,0.579980731010437,-3.3907641967137655e-07,-18.75651782356184,-19.068263952071362
egfxset/Spring Reverb/Bridge/5-1.wav,5.0,-0.8875128030776978,0.7174261808395386,-9.320194522539775e-07,-18.363621393172657,-18.06110360839695
egfxset/Spring Reverb/Bridge/5-10.wav,5.0,-0.886793851852417,0.4915519952774048,-3.6352574825286867e-07,-22.84303370987862,-22.48642623620491
egfxset/Spring Reverb/Bridge/5-11.wav,5.0,-0.8813412189483643,0.4401402473449707,2.075632413228353e-08,-24.60391167066957,-23.265323713536997
egfxset/Spring Reverb/Bridge/5-12.wav,5.0,-0.8875467777252197,0.4847738742828369,-5.715807278951009e-07,-23.18511723099521,-22.279889621444052
egfxset/Spring Reverb/Bridge/5-13.wav,5.0,-0.8829931020736694,0.5450704097747803,-1.357346773147583e-07,-19.268420576143775,-17.44078236964178
egfxset/Spring Reverb/Bridge/5-14.wav,5.0,-0.8878189325332642,0.7077182531356812,6.840710838635762e-07,-18.905694594415504,-16.20876386049622
egfxset/Spring Reverb/Bridge/5-15.wav,5.0,-0.8836053609848022,0.5510735511779785,-2.0476977030436198e-07,-19.721984083825127,-17.50178650895452
egfxset/Spring Reverb/Bridge/5-16.wav,5.0,-0.8912273645401001,0.3853250741958618,-6.122147043546041e-07,-25.1644154636311,-23.646661935125866
egfxset/Spring Reverb/Bridge/5-17.wav,5.0,-0.8824841976165771,0.7932316064834595,3.989045818646749e-07,-17.53363891608612,-15.708914788992507
egfxset/Spring Reverb/Bridge/5-18.wav,5.0,-0.8893797397613525,0.6209501028060913,-7.506897052129109e-07,-18.626295158274814,-16.17361084100333
egfxset/Spring Reverb/Bridge/5-19.wav,5.0,-0.8858350515365601,0.6891758441925049,2.0791590213775635e-08,-19.834327655768313,-18.10912079795691
egfxset/Spring Reverb/Bridge/5-2.wav,5.0,-0.8811135292053223,0.7790933847427368,9.187137087186177e-07,-17.871579102927473,-17.352653214554206
egfxset/Spring Reverb/Bridge/5-20.wav,5.0,-0.8817535638809204,0.8004646301269531,1.3883461554845173e-07,-17.590421508376256,-14.70356061333374
egfxset/Spring Reverb/Bridge/5-21.wav,5.0,-0.8815760612487793,0.7132536172866821,-4.848827918370564e-07,-18.73539343770831,-15.964196578868545
egfxset/Spring Reverb/Bridge/5-22.wav,5.0,-0.8846160173416138,0.7502776384353638,1.279364029566447e-07,-21.002365965763484,-18.929436671627503
egfxset/Spring Reverb/Bridge/5-3.wav,5.0,-0.8909322023391724,0.5935831069946289,-3.01802655061086e-07,-16.310074317075397,-15.371125004343737
egfxset/Spring Reverb/Bridge/5-4.wav,5.0,-0.8835381269454956,0.6697665452957153,-1.6832947731018067e-07,-21.19735772384416,-21.607099237530825
egfxset/Spring Reverb/Bridge/5-5.wav,5.0,-0.8839852809906006,0.5676349401473999,3.631805380185445e-07,-21.16055238872461,-20.665152451661186
egfxset/Spring Reverb/Bridge/5-6.wav,5.0,-0.8870983123779297,0.50774085521698,-2.3451646169026693e-07,-20.3432750552776,-20.164810659083496
egfxset/Spring Reverb/Bridge/5-7.wav,5.0,-0.8831806182861328,0.6676026582717896,3.4025212128957114e-07,-19.663003378916834,-20.334633113160397
egfxset/Spring Reverb/Bridge/5-8.wav,5.0,-0.8813961744308472,0.7811288833618164,-3.635092079639435e-06,-15.975980379409568,-14.702138657969495
egfxset/Spring Reverb/Bridge/5-9.wav,5.0,-0.8853145837783813,0.4855753183364868,4.6221117178599037e-07,-21.745315631433755,-20.943083213164723
egfxset/Spring Reverb/Bridge/6-0.wav,5.0,-0.8887187242507935,0.7945969104766846,5.85131843884786e-07,-17.41454614198824,-16.41819743661814
egfxset/Spring Reverb/Bridge/6-1.wav,5.0,-0.8843052387237549,0.6312922239303589,-1.2303411960601807e-06,-19.23777769313619,-18.102600540876832
egfxset/Spring Reverb/Bridge/6-10.wav,5.0,-0.8833500146865845,0.48251426219940186,-2.2263526916503905e-07,-21.802408306697156,-20.387247064808427
egfxset/Spring Reverb/Bridge/6-11.wav,5.0,-0.8821897506713867,0.469266414642334,1.6966015100479126e-07,-23.59511028232303,-21.50679542273932
egfxset/Spring Reverb/Bridge/6-12.wav,5.0,-0.8911513090133667,0.5095102787017822,2.409741282463074e-07,-22.111128006217164,-19.847806083727807
egfxset/Spring Reverb/Bridge/6-13.wav,5.0,-0.8880810737609863,0.6963421106338501,-2.8286278247833254e-07,-18.082382294950104,-15.467647411655095
egfxset/Spring Reverb/Bridge/6-14.wav,5.0,-0.8861942291259766,0.48270273208618164,-4.488786061604818e-07,-22.55505371449494,-20.88386972759916
egfxset/Spring Reverb/Bridge/6-15.wav,5.0,-0.8905718326568604,0.4156111478805542,1.5637228886286418e-07,-23.129549400387862,-22.199737989925985
egfxset/Spring Reverb/Bridge/6-16.wav,5.0,-0.8828721046447754,0.5293638706207275,-3.3408204714457195e-07,-23.11354614982166,-21.70316686384064
egfxset/Spring Reverb/Bridge/6-17.wav,5.0,-0.8818451166152954,0.4836806058883667,-1.1760090788205464e-06,-21.85132279695513,-19.308133321250594
egfxset/Spring Reverb/Bridge/6-18.wav,5.0,-0.8865883350372314,0.7480119466781616,8.732239405314128e-07,-19.433593120366652,-17.631049260142444
egfxset/Spring Reverb/Bridge/6-19.wav,5.0,-0.8907709121704102,0.6658921241760254,-1.3092458248138426e-07,-19.153948813705775,-15.633132552814967
egfxset/Spring Reverb/Bridge/6-2.wav,5.0,-0.8885819911956787,0.6592937707901001,1.1276801427205403e-07,-22.12952126820138,-20.951786645218238
egfxset/Spring Reverb/Bridge/6-20.wav,5.0,-0.8820959329605103,0.835474967956543,1.6950865586598714e-07,-16.42409126535987,-14.99832925240996
egfxset/Spring Reverb/Bridge/6-21.wav,5.0,-0.8821029663085938,0.6675115823745728,-3.087411324183146e-07,-19.59119487039,-16.979305833792555
egfxset/Spring Reverb/Bridge/6-22.wav,5.0,-0.8630398511886597,0.8872246742248535,2.2653241952260335e-08,-17.974655439943316,-17.375342756050383
egfxset/Spring Reverb/Bridge/6-3.wav,5.0,-0.8862056732177734,0.6170085668563843,1.3924042383829752e-07,-22.577435526682667,-21.467795388484287
egfxset/Spring Reverb/Bridge/6-4.wav,5.0,-0.8867169618606567,0.4990478754043579,1.8872221310933432e-07,-22.217352040550658,-21.77186641208446
egfxset/Spring Reverb/Bridge/6-5.wav,5.0,-0.8838938474655151,0.3927558660507202,2.4478137493133546e-08,-22.8787501069514,-21.1339551813287
egfxset/Spring Reverb/Bridge/6-6.wav,5.0,-0.8885867595672607,0.5594977140426636,-5.303949117660523e-07,-21.312933883995242,-20.40627261479972
egfxset/Spring Reverb/Bridge/6-7.wav,5.0,-0.8908923864364624,0.5518896579742432,-2.703338861465454e-07,-19.162408526938076,-18.4540579241682
egfxset/Spring Reverb/Bridge/6-8.wav,5.0,-0.8880045413970947,0.3950546979904175,9.220341841379802e-08,-21.875666320374478,-20.049878797611864
egfxset/Spring Reverb/Bridge/6-9.wav,5.0,-0.8814631700515747,0.5024373531341553,1.1363675196965535e-07,-24.298109215568115,-23.382843127343868
egfxset/Spring Reverb/Middle-Neck/1-0.wav,5.0,-0.8869506120681763,0.6617659330368042,-3.749777873357137e-08,-27.051749282067448,-24.73045951938052
egfxset/Spring Reverb/Middle-Neck/1-1.wav,5.0,-0.8852759599685669,0.6083520650863647,-1.4779125650723775e-06,-21.310257668840897,-18.71683641449744
egfxset/Spring Reverb/Middle-Neck/1-10.wav,5.0,-0.8905619382858276,0.7125394344329834,-5.80267608165741e-07,-26.235070035665498,-22.52778458767018
egfxset/Spring Reverb/Middle-Neck/1-11.wav,5.0,-0.8844516277313232,0.7410174608230591,-7.808357477188111e-07,-24.131973303718482,-19.97503841724945
egfxset/Spring Reverb/Middle-Neck/1-12.wav,5.0,-0.8795136213302612,0.8350059986114502,1.396934191385905e-08,-25.973682783723074,-22.79618252744215
egfxset/Spring Reverb/Middle-Neck/1-13.wav,5.0,-0.8854217529296875,0.735277533531189,-7.234344879786174e-07,-21.21434821884151,-18.16744159260823
egfxset/Spring Reverb/Middle-Neck/1-14.wav,5.0,-0.889520525932312,0.8742456436157227,2.1498699982961018e-07,-23.374726794720104,-19.815855771034002
egfxset/Spring Reverb/Middle-Neck/1-15.wav,5.0,-0.806503415107727,0.8823561668395996,3.079508741696676e-07,-24.48353929045193,-21.126976847337293
egfxset/Spring Reverb/Middle-Neck/1-16.wav,5.0,-0.8832494020462036,0.705458402633667,-5.812272429466247e-07,-28.719951652262754,-24.657148815238862
egfxset/Spring Reverb/Middle-Neck/1-17.wav,5.0,-0.8856208324432373,0.6744604110717773,4.696528116861979e-07,-28.27106634889606,-23.527464254685828
egfxset/Spring Reverb/Middle-Neck/1-18.wav,5.0,-0.8849724531173706,0.7235927581787109,-4.96743122736613e-07,-22.439424220447002,-19.050776131301536
egfxset/Spring Reverb/Middle-Neck/1-19.wav,5.0,-0.8905818462371826,0.774526834487915,5.660464366277059e-07,-21.231064515377973,-19.06557736361809
egfxset/Spring Reverb/Middle-Neck/1-2.wav,5.0,-0.8855606317520142,0.35169267654418945,6.882667541503906e-07,-30.217239822664823,-28.870806073717436
egfxset/Spring Reverb/Middle-Neck/1-20.wav,5.0,-0.8874595165252686,0.6452782154083252,-3.475740551948547e-07,-24.451981818021068,-19.777111902331697
egfxset/Spring Reverb/Middle-Neck/1-21.wav,5.0,-0.8867638111114502,0.7100780010223389,-5.459477504094442e-07,-21.849220426442763,-17.656025857927894
egfxset/Spring Reverb/Middle-Neck/1-22.wav,5.0,-0.8887388706207275,0.6010359525680542,1.5378544727961222e-07,-22.686326063615027,-17.27052495622535
egfxset/Spring Reverb/Middle-Neck/1-3.wav,5.0,-0.884124755859375,0.31718266010284424,-7.162372271219889e-07,-29.37725459124726,-26.944394530457483
egfxset/Spring Reverb/Middle-Neck/1-4.wav,5.0,-0.8826245069503784,0.29841601848602295,-1.4449805021286012e-07,-31.666214891345838,-27.97645958483668
egfxset/Spring Reverb/Middle-Neck/1-5.wav,5.0,-0.8821347951889038,0.5697659254074097,3.2999118169148763e-07,-25.46410170337203,-21.544983698629178
egfxset/Spring Reverb/Middle-Neck/1-6.wav,5.0,-0.888703465461731,0.7959136962890625,-8.635486165682474e-07,-18.482944507785827,-14.899890166255851
egfxset/Spring Reverb/Middle-Neck/1-7.wav,5.0,-0.8905743360519409,0.716636061668396,-5.035857359568278e-07,-24.854267679709935,-22.718085250483586
egfxset/Spring Reverb/Middle-Neck/1-8.wav,5.0,-0.8904460668563843,0.7161076068878174,-5.482584238052368e-08,-22.228138844279314,-18.48115623240522
egfxset/Spring Reverb/Middle-Neck/1-9.wav,5.0,-0.8814899921417236,0.7483681440353394,2.7346312999725343e-07,-24.488593264061382,-21.56979121816536
egfxset/Spring Reverb/Middle-Neck/2-0.wav,5.0,-0.884760856628418,0.7496612071990967,-7.491315404574077e-07,-21.239653385219274,-20.27183575930763
egfxset/Spring Reverb/Middle-Neck/2-1.wav,5.0,-0.8834553956985474,0.8731951713562012,-9.193718433380127e-07,-16.03273077210876,-13.680634337039429
egfxset/Spring Reverb/Middle-Neck/2-10.wav,5.0,-0.8825893402099609,0.8454283475875854,-7.036983966827393e-07,-24.985621829127716,-21.432240539770373
egfxset/Spring Reverb/Middle-Neck/2-11.wav,5.0,-0.8855445384979248,0.8670182228088379,-1.0271916786829631e-07,-20.34013362053772,-18.014348805583197
egfxset/Spring Reverb/Middle-Neck/2-12.wav,5.0,-0.8242979049682617,0.8879902362823486,-1.2059162060419717e-07,-22.68162382432208,-21.416804291259215
egfxset/Spring Reverb/Middle-Neck/2-13.wav,5.0,-0.8838213682174683,0.8045753240585327,1.0120352109273275e-06,-17.518173277759374,-15.320896252811384
egfxset/Spring Reverb/Middle-Neck/2-14.wav,5.0,-0.8864684104919434,0.824209451675415,-8.094539244969686e-07,-24.867310158980374,-22.19608886962584
egfxset/Spring Reverb/Middle-Neck/2-15.wav,5.0,-0.8826315402984619,0.7074016332626343,-1.83333953221639e-07,-25.902416327337782,-22.945140090728888
egfxset/Spring Reverb/Middle-Neck/2-16.wav,5.0,-0.8823212385177612,0.7666306495666504,-8.854771653811137e-07,-24.967604095189646,-23.369380220033406
egfxset/Spring Reverb/Middle-Neck/2-17.wav,5.0,-0.6769402027130127,0.8872756958007812,4.824866851170858e-07,-27.96511833364129,-25.058298683393975
egfxset/Spring Reverb/Middle-Neck/2-18.wav,5.0,-0.821979284286499,0.8911482095718384,-5.701765418052673e-07,-19.066572387660024,-16.15728433235053
egfxset/Spring Reverb/Middle-Neck/2-19.wav,5.0,-0.8845895528793335,0.7463743686676025,-1.9254237413406373e-07,-25.540875439535036,-23.113698979668637
egfxset/Spring Reverb/Middle-Neck/2-2.wav,5.0,-0.8811241388320923,0.5602792501449585,7.704476515452068e-07,-23.740912574568856,-22.61259724267285
egfxset/Spring Reverb/Middle-Neck/2-20.wav,5.0,-0.7570220232009888,0.8891822099685669,-4.013677438100179e-07,-19.44131571748834,-16.18853548704076
egfxset/Spring Reverb/Middle-Neck/2-21.wav,5.0,-0.8827377557754517,0.8641310930252075,1.3438016176223756e-07,-24.252574394249798,-19.771869548927395
egfxset/Spring Reverb/Middle-Neck/2-22.wav,5.0,-0.8832588195800781,0.8064461946487427,-8.156542976697286e-07,-25.227634071154924,-21.049509046474693
egfxset/Spring Reverb/Middle-Neck/2-3.wav,5.0,-0.8867048025131226,0.7755972146987915,-5.367209513982137e-07,-23.416632301005738,-22.10465387724212
egfxset/Spring Reverb/Middle-Neck/2-4.wav,5.0,-0.8833742141723633,0.6457794904708862,3.902117411295573e-09,-22.76556688688885,-21.459200678837476
egfxset/Spring Reverb/Middle-Neck/2-5.wav,5.0,-0.890418291091919,0.6913173198699951,2.2196571032206217e-07,-19.481472483207043,-18.49357301032347
egfxset/Spring Reverb/Middle-Neck/2-6.wav,5.0,-0.8579279184341431,0.8895410299301147,-1.129367450873057e-06,-20.724908670464348,-17.751991572876427
egfxset/Spring Reverb/Middle-Neck/2-7.wav,5.0,-0.7944890260696411,0.8838798999786377,-1.3758689165115356e-07,-22.02462231438124,-20.2580262439094
egfxset/Spring Reverb/Middle-Neck/2-8.wav,5.0,-0.8836332559585571,0.816412091255188,-5.385627349217733e-08,-25.341004966721027,-22.56870863574829
egfxset/Spring Reverb/Middle-Neck/2-9.wav,5.0,-0.8814563751220703,0.8138219118118286,-1.049831509590149e-07,-22.682715660453944,-20.524049466052723
egfxset/Spring Reverb/Middle-Neck/3-0.wav,5.0,-0.888434648513794,0.6591936349868774,-9.377012650171916e-07,-19.276892651913954,-18.34580086459888
egfxset/Spring Reverb/Middle-Neck/3-1.wav,5.0,-0.8897455930709839,0.7550945281982422,6.444742282231648e-07,-23.721439654978855,-22.45600697920657
egfxset/Spring Reverb/Middle-Neck/3-10.wav,5.0,-0.8823432922363281,0.7994979619979858,-5.602563420931498e-07,-13.765311482174305,-11.369101804470043
egfxset/Spring Reverb/Middle-Neck/3-11.wav,5.0,-0.8836895227432251,0.8062692880630493,4.182979464530945e-07,-15.908198891729196,-14.477319111358586
egfxset/Spring Reverb/Middle-Neck/3-12.wav,5.0,-0.8898348808288574,0.8469754457473755,-1.0295758644739787e-07,-20.024066769485323,-18.020926601952684
egfxset/Spring Reverb/Middle-Neck/3-13.wav,5.0,-0.8871817588806152,0.8762294054031372,-8.772869904836019e-07,-22.11482773540095,-20.066855471425765
egfxset/Spring Reverb/Middle-Neck/3-14.wav,5.0,-0.890044093132019,0.8594080209732056,3.4535576899846393e-07,-23.43860032457045,-21.17144021186793
egfxset/Spring Reverb/Middle-Neck/3-15.wav,5.0,-0.8678262233734131,0.8835188150405884,-5.582287907600403e-07,-17.824315029002356,-13.57276287134409
egfxset/Spring Reverb/Middle-Neck/3-16.wav,5.0,-0.8907660245895386,0.8888187408447266,3.142361342906952e-06,-18.42942208529617,-14.94013951723995
egfxset/Spring Reverb/Middle-Neck/3-17.wav,5.0,-0.8865745067596436,0.8363314867019653,8.904755115509033e-07,-15.453364319190692,-12.667172063129359
egfxset/Spring Reverb/Middle-Neck/3-18.wav,5.0,-0.8901785612106323,0.7967038154602051,4.487082362174988e-07,-24.553770621139677,-22.020590384634982
egfxset/Spring Reverb/Middle-Neck/3-19.wav,5.0,-0.884979248046875,0.888513445854187,1.4827152093251546e-07,-23.56150773010693,-20.750465884761415
egfxset/Spring Reverb/Middle-Neck/3-2.wav,5.0,-0.8884158134460449,0.7005150318145752,-5.970651904741923e-07,-19.969918330123797,-17.78764796940959
egfxset/Spring Reverb/Middle-Neck/3-20.wav,5.0,-0.8864315748214722,0.8558409214019775,-7.72013266881307e-07,-20.913490091749736,-17.71216877179026
egfxset/Spring Reverb/Middle-Neck/3-21.wav,5.0,-0.7824761867523193,0.8889501094818115,-7.83875584602356e-08,-17.119530523745276,-14.99523219264829
egfxset/Spring Reverb/Middle-Neck/3-22.wav,5.0,-0.8898088932037354,0.8225013017654419,8.18982720375061e-08,-22.727834582609916,-19.43413705856936
egfxset/Spring Reverb/Middle-Neck/3-3.wav,5.0,-0.8874807357788086,0.8322749137878418,-5.803888042767842e-07,-20.467031155869222,-19.427988206269337
egfxset/Spring Reverb/Middle-Neck/3-4.wav,5.0,-0.7788199186325073,0.883358359336853,-4.74373996257782e-07,-18.413372687824946,-16.471795544248614
egfxset/Spring Reverb/Middle-Neck/3-5.wav,5.0,-0.8095242977142334,0.8879858255386353,1.3504127661387127e-07,-15.687331580548499,-14.572877381128622
egfxset/Spring Reverb/Middle-Neck/3-6.wav,5.0,-0.8906245231628418,0.653590202331543,1.434485117594401e-08,-20.135708941047294,-19.758169616322775
egfxset/Spring Reverb/Middle-Neck/3-7.wav,5.0,-0.8891850709915161,0.761520504951477,-3.647968173027039e-07,-17.798368018035667,-17.082905488051903
egfxset/Spring Reverb/Middle-Neck/3-8.wav,5.0,-0.8841179609298706,0.6883141994476318,-4.79703148206075e-07,-20.340107325628182,-19.963201076906163
egfxset/Spring Reverb/Middle-Neck/3-9.wav,5.0,-0.8898681402206421,0.6384387016296387,3.375247120857239e-07,-17.179482270191414,-16.966586997285592
egfxset/Spring Reverb/Middle-Neck/4-0.wav,5.0,-0.881855845451355,0.665462851524353,8.273974061012268e-07,-15.63322359434742,-15.69611637161823
egfxset/Spring Reverb/Middle-Neck/4-1.wav,5.0,-0.8878326416015625,0.6277627944946289,-1.9142528374989827e-08,-19.491737467630983,-19.51160092852115
egfxset/Spring Reverb/Middle-Neck/4-10.wav,5.0,-0.8885176181793213,0.8875455856323242,-2.563277880350749e-07,-15.817506634828518,-14.368417663747632
egfxset/Spring Reverb/Middle-Neck/4-11.wav,5.0,-0.8893222808837891,0.6204395294189453,2.5135775407155356e-08,-22.760496584662885,-21.534979540006827
egfxset/Spring Reverb/Middle-Neck/4-12.wav,5.0,-0.8831455707550049,0.728287935256958,2.526541550954183e-07,-18.155965109210264,-16.39330997178456
egfxset/Spring Reverb/Middle-Neck/4-13.wav,5.0,-0.8836202621459961,0.8559503555297852,-5.255137880643209e-07,-17.72632556431062,-17.037569060670453
egfxset/Spring Reverb/Middle-Neck/4-14.wav,5.0,-0.8890485763549805,0.8360128402709961,-1.1830026904741923e-06,-21.2958025381756,-20.350386026054053
egfxset/Spring Reverb/Middle-Neck/4-15.wav,5.0,-0.8844031095504761,0.8332830667495728,-5.554407835006714e-07,-17.13218964635694,-14.037199004482607
egfxset/Spring Reverb/Middle-Neck/4-16.wav,5.0,-0.8848408460617065,0.8094034194946289,-2.4034301439921063e-06,-22.13243953246547,-20.32187163820159
egfxset/Spring Reverb/Middle-Neck/4-17.wav,5.0,-0.8864457607269287,0.8476787805557251,-5.944028496742248e-07,-19.14862086830634,-15.660179190221578
egfxset/Spring Reverb/Middle-Neck/4-18.wav,5.0,-0.8891980648040771,0.8523886203765869,2.440201739470164e-06,-17.298141798261938,-14.792299110544164
egfxset/Spring Reverb/Middle-Neck/4-19.wav,5.0,-0.8892413377761841,0.8431969881057739,-2.6734819014867146e-07,-19.048945842748957,-15.90171950987482
egfxset/Spring Reverb/Middle-Neck/4-2.wav,5.0,-0.8901280164718628,0.5957136154174805,8.15888245900472e-09,-18.457428682081243,-18.066209937914888
egfxset/Spring Reverb/Middle-Neck/4-20.wav,5.0,-0.8859254121780396,0.7553426027297974,-4.679510990778605e-07,-17.305661120988386,-15.183141624500397
egfxset/Spring Reverb/Middle-Neck/4-21.wav,5.0,-0.8519511222839355,0.885574221611023,8.638517061869303e-06,-17.708031734366795,-13.944930635856222
egfxset/Spring Reverb/Middle-Neck/4-22.wav,5.0,-0.8854005336761475,0.8705959320068359,2.61115034421285e-07,-15.179040639579412,-12.185630980041738
egfxset/Spring Reverb/Middle-Neck/4-3.wav,5.0,-0.8848024606704712,0.7015894651412964,-6.934836506843567e-07,-15.127247631930443,-14.87605821148906
egfxset/Spring Reverb/Middle-Neck/4-4.wav,5.0,-0.8878759145736694,0.6717578172683716,-8.903846144676208e-07,-20.190152309351493,-19.80926316697231
egfxset/Spring Reverb/Middle-Neck/4-5.wav,5.0,-0.882297158241272,0.5409500598907471,-2.117469906806946e-07,-20.695963439584375,-20.192425854043822
egfxset/Spring Reverb/Middle-Neck/4-6.wav,5.0,-0.8811279535293579,0.7302252054214478,1.4677147070566812e-07,-26.434555147167615,-25.48467862288282
egfxset/Spring Reverb/Middle-Neck/4-7.wav,5.0,-0.8871198892593384,0.720117449760437,-5.3321321805318194e-08,-19.113484681065216,-17.367796396491112
egfxset/Spring Reverb/Middle-Neck/4-8.wav,5.0,-0.8780817985534668,0.890411376953125,-3.084575136502584e-07,-20.096366075366046,-18.767060514572847
egfxset/Spring Reverb/Middle-Neck/4-9.wav,5.0,-0.8899675607681274,0.7401877641677856,-7.111062606175741e-07,-17.837813407724834,-17.29865518680683
egfxset/Spring Reverb/Middle-Neck/5-0.wav,5.0,-0.8835310935974121,0.6321827173233032,9.083837270736694e-07,-15.431697901185286,-15.50988588744484
egfxset/Spring Reverb/Middle-Neck/5-1.wav,5.0,-0.8887574672698975,0.6738996505737305,5.293521781762441e-06,-17.905224841750908,-17.462015391315543
egfxset/Spring Reverb/Middle-Neck/5-10.wav,5.0,-0.886893630027771,0.49404025077819824,-7.643620173136394e-07,-18.366585699206777,-17.019270210941396
egfxset/Spring Reverb/Middle-Neck/5-11.wav,5.0,-0.8842830657958984,0.6593016386032104,-7.244224349657695e-07,-19.87293979706529,-19.9979817740024
egfxset/Spring Reverb/Middle-Neck/5-12.wav,5.0,-0.8863086700439453,0.7161164283752441,-3.940065701802572e-08,-14.138882195376667,-13.29829318649403
egfxset/Spring Reverb/Middle-Neck/5-13.wav,5.0,-0.8896805047988892,0.6768711805343628,4.248008131980896e-07,-17.350803159602194,-16.6845434424774
egfxset/Spring Reverb/Middle-Neck/5-14.wav,5.0,-0.8837416172027588,0.7555828094482422,-1.0224690039952595e-06,-15.133002046693957,-11.659128592699117
egfxset/Spring Reverb/Middle-Neck/5-15.wav,5.0,-0.8896288871765137,0.8744661808013916,-1.1854092280069987e-06,-14.105108998690532,-12.659384002840001
egfxset/Spring Reverb/Middle-Neck/5-16.wav,5.0,-0.8895615339279175,0.7582104206085205,-5.429580807685852e-07,-17.16900586467525,-14.889728327067045
egfxset/Spring Reverb/Middle-Neck/5-17.wav,5.0,-0.8871095180511475,0.8283238410949707,-6.717443466186523e-09,-15.092503780115916,-13.213339690007905
egfxset/Spring Reverb/Middle-Neck/5-18.wav,5.0,-0.8722579479217529,0.8852636814117432,-5.884836117426554e-07,-13.882262304113745,-12.333281137522407
egfxset/Spring Reverb/Middle-Neck/5-19.wav,5.0,-0.8883854150772095,0.8085360527038574,-1.4363775650660198e-07,-14.879410315791336,-14.091753752368529
egfxset/Spring Reverb/Middle-Neck/5-2.wav,5.0,-0.883446216583252,0.602888822555542,-1.976098616917928e-06,-17.355069433577718,-17.16109833768411
egfxset/Spring Reverb/Middle-Neck/5-20.wav,5.0,-0.8907352685928345,0.8382872343063354,5.601396163304647e-08,-13.747018086503902,-12.615700113505376
egfxset/Spring Reverb/Middle-Neck/5-21.wav,5.0,-0.8866665363311768,0.8390752077102661,5.8147311210632326e-08,-17.373738469414505,-15.155639663591435
egfxset/Spring Reverb/Middle-Neck/5-22.wav,5.0,-0.88804030418396,0.8641849756240845,-1.854644219080607e-06,-19.610554950805298,-15.687313503741894
egfxset/Spring Reverb/Middle-Neck/5-3.wav,5.0,-0.8818962574005127,0.7354849576950073,-9.145364165306091e-07,-15.442212138168511,-14.837175588715755
egfxset/Spring Reverb/Middle-Neck/5-4.wav,5.0,-0.8906869888305664,0.5043565034866333,-7.048775752385457e-07,-19.125101549879137,-19.80066774389639
egfxset/Spring Reverb/Middle-Neck/5-5.wav,5.0,-0.888859748840332,0.7262434959411621,-4.916250705718995e-07,-16.694379125740223,-15.853524293857998
egfxset/Spring Reverb/Middle-Neck/5-6.wav,5.0,-0.886483907699585,0.5541684627532959,-1.8858944376309712e-06,-19.687392538588085,-20.186075533782613
egfxset/Spring Reverb/Middle-Neck/5-7.wav,5.0,-0.886167049407959,0.5573534965515137,-6.89294437567393e-07,-19.452284542224792,-19.787221775824413
egfxset/Spring Reverb/Middle-Neck/5-8.wav,5.0,-0.8825888633728027,0.6114306449890137,-4.433582226435343e-07,-15.657179222572058,-15.02708219510743
egfxset/Spring Reverb/Middle-Neck/5-9.wav,5.0,-0.8866900205612183,0.49494361877441406,-6.946961085001627e-07,-19.67212922061244,-18.588969804384206
egfxset/Spring Reverb/Middle-Neck/6-0.wav,5.0,-0.89044189453125,0.5950448513031006,-1.0126834114392598e-06,-14.150019303058322,-14.63121800689837
egfxset/Spring Reverb/Middle-Neck/6-1.wav,5.0,-0.8848820924758911,0.5707125663757324,7.983833551406861e-07,-18.737956509620545,-18.579413735132245
egfxset/Spring Reverb/Middle-Neck/6-10.wav,5.0,-0.8911527395248413,0.6012438535690308,-1.3568003972371419e-08,-18.760717518107363,-18.18484397385858
egfxset/Spring Reverb/Middle-Neck/6-11.wav,5.0,-0.8855020999908447,0.6903268098831177,9.203314781188965e-07,-18.907717258431738,-18.06824556569168
egfxset/Spring Reverb/Middle-Neck/6-12.wav,5.0,-0.882088303565979,0.6095356941223145,-1.1898686488469442e-06,-16.349904039478204,-14.207940633795937
egfxset/Spring Reverb/Middle-Neck/6-13.wav,5.0,-0.8826279640197754,0.627936840057373,8.080000678698222e-07,-20.36510381232077,-18.73075623508633
egfxset/Spring Reverb/Middle-Neck/6-14.wav,5.0,-0.8831148147583008,0.598589301109314,-1.6359508037567139e-06,-17.642183992154294,-16.388702156769654
egfxset/Spring Reverb/Middle-Neck/6-15.wav,5.0,-0.886675238609314,0.6881881952285767,1.0100856423377992e-06,-17.995740972185015,-16.992734356448736
egfxset/Spring Reverb/Middle-Neck/6-16.wav,5.0,-0.8853752613067627,0.7839466333389282,1.9076615571975707e-07,-15.69500994748018,-14.496480764092851
egfxset/Spring Reverb/Middle-Neck/6-17.wav,5.0,-0.8818962574005127,0.8444634675979614,-8.43420128027598e-07,-16.241919972713283,-13.857548354912685
egfxset/Spring Reverb/Middle-Neck/6-18.wav,5.0,-0.8856631517410278,0.8009994029998779,-4.834135373433431e-07,-17.272989831548493,-15.282794248776723
egfxset/Spring Reverb/Middle-Neck/6-19.wav,5.0,-0.8852113485336304,0.7750616073608398,1.3099099198977152e-06,-15.886331359325306,-14.269711334463715
egfxset/Spring Reverb/Middle-Neck/6-2.wav,5.0,-0.8872528076171875,0.53814697265625,9.471838672955831e-07,-20.662866037025672,-21.324654554143045
egfxset/Spring Reverb/Middle-Neck/6-20.wav,5.0,-0.8133573532104492,0.8840911388397217,-1.1671607693036398e-06,-19.072885564649745,-17.83161816578261
egfxset/Spring Reverb/Middle-Neck/6-21.wav,5.0,-0.8255987167358398,0.8818255662918091,2.6779870192209878e-08,-17.906249543622728,-16.186853300317452
egfxset/Spring Reverb/Middle-Neck/6-22.wav,5.0,-0.8903793096542358,0.8826302289962769,-1.9069164991378785e-07,-20.748295467890088,-18.93142970893553
egfxset/Spring Reverb/Middle-Neck/6-3.wav,5.0,-0.8880428075790405,0.5970461368560791,-5.345960458119711e-07,-19.986726379692364,-20.177759766077948
egfxset/Spring Reverb/Middle-Neck/6-4.wav,5.0,-0.8831623792648315,0.566645622253418,-9.089236458142599e-07,-18.940520412088883,-18.17218898316705
egfxset/Spring Reverb/Middle-Neck/6-5.wav,5.0,-0.8853142261505127,0.5512980222702026,-4.991640647252401e-07,-17.611157322106568,-16.87571182180383
egfxset/Spring Reverb/Middle-Neck/6-6.wav,5.0,-0.8834866285324097,0.5295364856719971,-1.1163502931594848e-07,-19.17655265013646,-18.584127939332657
egfxset/Spring Reverb/Middle-Neck/6-7.wav,5.0,-0.8900363445281982,0.5380945205688477,-6.438106298446655e-07,-16.1848608939342,-15.765530262094854
egfxset/Spring Reverb/Middle-Neck/6-8.wav,5.0,-0.8862419128417969,0.5539731979370117,-1.0039185484250386e-06,-19.415803153463823,-19.65861468288266
egfxset/Spring Reverb/Middle-Neck/6-9.wav,5.0,-0.8893938064575195,0.4853862524032593,-5.198404192924499e-07,-20.105186135831854,-21.04836854368793
egfxset/Spring Reverb/Middle/1-0.wav,5.0,-0.5853363275527954,0.8857051134109497,2.157485485076904e-06,-23.268186975659084,-19.251536644008535
egfxset/Spring Reverb/Middle/1-1.wav,5.0,-0.8909229040145874,0.7664313316345215,-1.8510038654009501e-06,-17.42605377915897,-15.914189772498947
egfxset/Spring Reverb/Middle/1-10.wav,5.0,-0.8855937719345093,0.44651973247528076,7.013673583666483e-07,-29.61375441284975,-24.934000649406862
egfxset/Spring Reverb/Middle/1-11.wav,5.0,-0.881338357925415,0.6152068376541138,2.5975555181503294e-07,-29.279155948652004,-24.939687579071148
egfxset/Spring Reverb/Middle/1-12.wav,5.0,-0.8870466947555542,0.502324104309082,-6.818289558092753e-07,-30.453500127119977,-25.205267541862742
egfxset/Spring Reverb/Middle/1-13.wav,5.0,-0.8812400102615356,0.3598538637161255,2.25545863310496e-06,-27.500878118496615,-24.679498039006898
egfxset/Spring Reverb/Middle/1-14.wav,5.0,-0.8858531713485718,0.4038848876953125,-1.1147563656171163e-06,-27.268589970955176,-20.14423929147547
egfxset/Spring Reverb/Middle/1-15.wav,5.0,-0.8849742412567139,0.4268839359283447,2.466226617495219e-07,-30.73889586749802,-26.605711783531586
egfxset/Spring Reverb/Middle/1-16.wav,5.0,-0.8864984512329102,0.404382586479187,2.2775332132975261e-07,-28.286742295967496,-20.66842648929534
egfxset/Spring Reverb/Middle/1-17.wav,5.0,-0.8836015462875366,0.4092596769332886,4.463369647661845e-07,-31.71089304881796,-27.023477438355908
egfxset/Spring Reverb/Middle/1-18.wav,5.0,-0.8810856342315674,0.45870399475097656,-8.128533760706583e-08,-26.933957444522196,-22.335448072614
egfxset/Spring Reverb/Middle/1-19.wav,5.0,-0.8815352916717529,0.49477505683898926,3.753493229548136e-07,-27.9952449901282,-24.805405711804738
egfxset/Spring Reverb/Middle/1-2.wav,5.0,-0.8884947299957275,0.5797033309936523,1.5160441398620607e-08,-25.81025827248262,-22.368193736637934
egfxset/Spring Reverb/Middle/1-20.wav,5.0,-0.8836773633956909,0.5066763162612915,-1.9084319472312927e-06,-26.3053773495057,-22.30647130471732
egfxset/Spring Reverb/Middle/1-21.wav,5.0,-0.8844953775405884,0.5818463563919067,8.28017791112264e-08,-21.905355012208933,-16.383317484807268
egfxset/Spring Reverb/Middle/1-22.wav,5.0,-0.8850443363189697,0.8031963109970093,-4.550166428089142e-06,-21.342117408198792,-17.708899246871653
egfxset/Spring Reverb/Middle/1-3.wav,5.0,-0.890344500541687,0.7405365705490112,4.770904779434205e-07,-23.657133865456398,-20.156958400388845
egfxset/Spring Reverb/Middle/1-4.wav,5.0,-0.8853287696838379,0.6711750030517578,2.871483067671458e-06,-23.560505057971977,-21.193291748732747
egfxset/Spring Reverb/Middle/1-5.wav,5.0,-0.8901749849319458,0.5476704835891724,-2.139328916867574e-06,-26.4403224759562,-22.95944119688552
egfxset/Spring Reverb/Middle/1-6.wav,5.0,-0.8824652433395386,0.5009231567382812,-7.525389393170675e-07,-25.892137655956773,-21.75684830083307
egfxset/Spring Reverb/Middle/1-7.wav,5.0,-0.8860849142074585,0.5350382328033447,1.9770259658495583e-06,-27.274088069013853,-23.800372323697918
egfxset/Spring Reverb/Middle/1-8.wav,5.0,-0.8877313137054443,0.5329797267913818,-3.154654800891876e-06,-24.058897835236344,-19.56177573186918
egfxset/Spring Reverb/Middle/1-9.wav,5.0,-0.8862104415893555,0.44988369941711426,-8.426447709401448e-07,-26.832845819110766,-22.253636891618697
egfxset/Spring Reverb/Middle/2-0.wav,5.0,-0.7877578735351562,0.8863356113433838,2.5471576551596325e-05,-21.556925258703885,-19.912103475831103
egfxset/Spring Reverb/Middle/2-1.wav,5.0,-0.7301689386367798,0.8907121419906616,-1.6133173803488413e-05,-17.25271264359453,-15.979537631961295
egfxset/Spring Reverb/Middle/2-10.wav,5.0,-0.8902448415756226,0.466427206993103,-2.086162567138672e-09,-28.563566415213582,-23.74288042347924
egfxset/Spring Reverb/Middle/2-11.wav,5.0,-0.8811166286468506,0.4739563465118408,-2.1477897961934406e-06,-26.10362548495468,-23.166294066100075
egfxset/Spring Reverb/Middle/2-12.wav,5.0,-0.882033109664917,0.4726496934890747,-2.1108786265055338e-07,-26.601422930289644,-23.01746509050947
egfxset/Spring Reverb/Middle/2-13.wav,5.0,-0.886715292930603,0.6133915185928345,1.62857323884964e-06,-24.576380254731625,-20.935522215656807
egfxset/Spring Reverb/Middle/2-14.wav,5.0,-0.8884785175323486,0.6312750577926636,2.3487448692321777e-06,-24.74080702706756,-20.803085819447492
egfxset/Spring Reverb/Middle/2-15.wav,5.0,-0.8817095756530762,0.5192351341247559,-4.013746976852417e-07,-29.11080999184229,-25.521685576414626
egfxset/Spring Reverb/Middle/2-16.wav,5.0,-0.8822054862976074,0.49801361560821533,-1.8733322620391847e-06,-26.461717273455303,-23.77929652366043
egfxset/Spring Reverb/Middle/2-17.wav,5.0,-0.885806679725647,0.4764055013656616,4.024614890416463e-07,-26.579525601425207,-23.376805851303768
egfxset/Spring Reverb/Middle/2-18.wav,5.0,-0.8877195119857788,0.5138272047042847,-1.6836479306221009e-06,-23.54840155559856,-19.880326710854952
egfxset/Spring Reverb/Middle/2-19.wav,5.0,-0.885567307472229,0.5396292209625244,7.177119453748067e-07,-27.630382106494046,-24.506471437098764
egfxset/Spring Reverb/Middle/2-2.wav,5.0,-0.8853938579559326,0.8057299852371216,-2.8442293405532835e-07,-21.257205624452485,-19.732647578080385
egfxset/Spring Reverb/Middle/2-20.wav,5.0,-0.8884130716323853,0.6108646392822266,-4.941061139106751e-07,-24.91977480231504,-22.40310256882813
egfxset/Spring Reverb/Middle/2-21.wav,5.0,-0.8820735216140747,0.5728453397750854,-7.997006177902222e-07,-22.031338874849688,-18.533342376518387
egfxset/Spring Reverb/Middle/2-22.wav,5.0,-0.8880460262298584,0.7437851428985596,-8.172127604484558e-06,-20.99577237032415,-18.00205542160937
egfxset/Spring Reverb/Middle/2-3.wav,5.0,-0.8833001852035522,0.5513180494308472,-8.306637406349182e-07,-25.213624883792818,-22.3731744580082
egfxset/Spring Reverb/Middle/2-4.wav,5.0,-0.8819801807403564,0.49322450160980225,2.286588152249654e-07,-24.789007774782476,-22.3328026565574
egfxset/Spring Reverb/Middle/2-5.wav,5.0,-0.8812201023101807,0.5179182291030884,6.273781259854634e-07,-24.3477012259414,-21.87168428625218
egfxset/Spring Reverb/Middle/2-6.wav,5.0,-0.887259840965271,0.589282751083374,1.997154951095581e-06,-21.095817053765046,-18.700865926913206
egfxset/Spring Reverb/Middle/2-7.wav,5.0,-0.8901300430297852,0.5954711437225342,2.7207608024279276e-06,-23.295745882783084,-22.514813110648475
egfxset/Spring Reverb/Middle/2-8.wav,5.0,-0.8826785087585449,0.536672830581665,-9.833350777626037e-07,-27.272642798662766,-23.508426363724
egfxset/Spring Reverb/Middle/2-9.wav,5.0,-0.8852335214614868,0.5712233781814575,-4.7839567065238955e-06,-25.75237654672059,-21.58238255841973
egfxset/Spring Reverb/Middle/3-0.wav,5.0,-0.7831714153289795,0.882451057434082,1.8670249978701275e-05,-21.52454916337628,-20.58464728419315
egfxset/Spring Reverb/Middle/3-1.wav,5.0,-0.8816462755203247,0.8582842350006104,-7.124599317709605e-06,-23.222927234317538,-21.403052779516162
egfxset/Spring Reverb/Middle/3-10.wav,5.0,-0.8876641988754272,0.7651760578155518,-7.950435082117717e-06,-15.303350566973613,-11.676483860276306
egfxset/Spring Reverb/Middle/3-11.wav,5.0,-0.8565670251846313,0.889653205871582,2.129073441028595e-06,-19.986147936122528,-19.544758014999157
egfxset/Spring Reverb/Middle/3-12.wav,5.0,-0.8887625932693481,0.7538150548934937,-6.628324588139851e-07,-21.921951949037254,-19.4701221467472
egfxset/Spring Reverb/Middle/3-13.wav,5.0,-0.8834890127182007,0.7074936628341675,-7.792999347050985e-07,-24.633393739433576,-21.4773000342736
egfxset/Spring Reverb/Middle/3-14.wav,5.0,-0.8860266208648682,0.7701175212860107,-6.492023666699727e-07,-22.296445828398966,-19.889852289541597
egfxset/Spring Reverb/Middle/3-15.wav,5.0,-0.8839602470397949,0.6161478757858276,-1.9627809524536132e-08,-20.677635982739673,-17.374483958137652
egfxset/Spring Reverb/Middle/3-16.wav,5.0,-0.8898342847824097,0.6927382946014404,2.16712752978007e-06,-23.05154732484027,-20.27312945244216
egfxset/Spring Reverb/Middle/3-17.wav,5.0,-0.8899075984954834,0.689624547958374,-1.4264300465583802e-06,-16.52420374780455,-13.509746722041985
egfxset/Spring Reverb/Middle/3-18.wav,5.0,-0.883589506149292,0.6712653636932373,-3.650228182474772e-07,-26.441149217595587,-22.170171001967017
egfxset/Spring Reverb/Middle/3-19.wav,5.0,-0.8858498334884644,0.6756256818771362,1.1820380886395772e-06,-25.051874820608656,-21.35950700746022
egfxset/Spring Reverb/Middle/3-2.wav,5.0,-0.8878967761993408,0.8461887836456299,-1.292070746421814e-06,-21.87630781450335,-18.24210993549595
egfxset/Spring Reverb/Middle/3-20.wav,5.0,-0.881405234336853,0.7807416915893555,1.9188831249872844e-06,-21.457110808963222,-18.678547370865576
egfxset/Spring Reverb/Middle/3-21.wav,5.0,-0.8842359781265259,0.723015546798706,-1.7456372578938802e-06,-22.446679815918586,-19.021806006878577
egfxset/Spring Reverb/Middle/3-22.wav,5.0,-0.8908740282058716,0.8606224060058594,-1.0396406054496764e-06,-20.777353098744893,-18.407743070672176
egfxset/Spring Reverb/Middle/3-3.wav,5.0,-0.8896398544311523,0.8371915817260742,3.307373325030009e-06,-20.117000612079885,-18.64251121668357
egfxset/Spring Reverb/Middle/3-4.wav,5.0,-0.8815354108810425,0.8745208978652954,-5.766218403975169e-06,-19.25545217016875,-17.40169888692438
egfxset/Spring Reverb/Middle/3-5.wav,5.0,-0.7762743234634399,0.8862063884735107,6.300603350003561e-07,-17.484075497302136,-15.160368115351226
egfxset/Spring Reverb/Middle/3-6.wav,5.0,-0.8850454092025757,0.8321714401245117,4.001860817273458e-06,-22.61953108359707,-19.74399110053481
egfxset/Spring Reverb/Middle/3-7.wav,5.0,-0.8820313215255737,0.7469804286956787,-3.537580370903015e-06,-21.072469151948958,-20.098435988347884
egfxset/Spring Reverb/Middle/3-8.wav,5.0,-0.8849412202835083,0.7645430564880371,-3.419940173625946e-06,-20.61955540709762,-20.411234192373495
egfxset/Spring Reverb/Middle/3-9.wav,5.0,-0.8849871158599854,0.6737868785858154,-1.0778233408927918e-06,-18.201101011070943,-17.31684904708657
egfxset/Spring Reverb/Middle/4-0.wav,5.0,-0.8860552310943604,0.8856756687164307,1.2213155627250672e-06,-17.553739834509912,-17.438925699561327
egfxset/Spring Reverb/Middle/4-1.wav,5.0,-0.8828557729721069,0.7419860363006592,-1.2695064147313436e-06,-16.266714416719093,-15.627005651714926
egfxset/Spring Reverb/Middle/4-10.wav,5.0,-0.8907978534698486,0.792313814163208,4.09085601568222e-06,-18.795437196282453,-15.660074635467975
egfxset/Spring Reverb/Middle/4-11.wav,5.0,-0.8889327049255371,0.5290499925613403,-5.3905601302782695e-06,-21.742415908039096,-20.86388564741575
egfxset/Spring Reverb/Middle/4-12.wav,5.0,-0.8861812353134155,0.7510675191879272,-3.1757752100626627e-07,-23.437443625472074,-20.51904009910939
egfxset/Spring Reverb/Middle/4-13.wav,5.0,-0.8904105424880981,0.5427403450012207,4.0435969829559326e-06,-24.38510456531339,-23.683174213582518
egfxset/Spring Reverb/Middle/4-14.wav,5.0,-0.8895939588546753,0.675452470779419,5.592688421408335e-06,-20.764203258418448,-18.568165976291883
egfxset/Spring Reverb/Middle/4-15.wav,5.0,-0.8842136859893799,0.6610232591629028,-1.0100812713305155e-05,-17.059354783028052,-13.205915733666599
egfxset/Spring Reverb/Middle/4-16.wav,5.0,-0.8877969980239868,0.7793314456939697,4.950890938440959e-06,-19.902488719201347,-16.817717710778204
egfxset/Spring Reverb/Middle/4-17.wav,5.0,-0.8852876424789429,0.757438063621521,-6.354873379071554e-07,-22.309011165485032,-20.518155799858693
egfxset/Spring Reverb/Middle/4-18.wav,5.0,-0.8870366811752319,0.7272403240203857,-3.1865189472834267e-07,-22.183073208892765,-20.58651522940962
egfxset/Spring Reverb/Middle/4-19.wav,5.0,-0.8853596448898315,0.7262358665466309,3.556990126768748e-06,-17.164034441019393,-15.143529307085897
egfxset/Spring Reverb/Middle/4-2.wav,5.0,-0.8271324634552002,0.8874920606613159,-2.4566739797592162e-06,-12.776850865205581,-12.626916131647853
egfxset/Spring Reverb/Middle/4-20.wav,5.0,-0.8728129863739014,0.8846824169158936,-1.4790197213490805e-07,-16.44523822383099,-13.737264981415256
egfxset/Spring Reverb/Middle/4-21.wav,5.0,-0.8148519992828369,0.8830158710479736,-2.4449989199638366e-06,-18.577565870658454,-15.879540119880767
egfxset/Spring Reverb/Middle/4-22.wav,5.0,-0.8808603286743164,0.8992376327514648,-7.19800591468811e-07,-15.85086406438144,-11.784382751882701
egfxset/Spring Reverb/Middle/4-3.wav,5.0,-0.8871338367462158,0.7987552881240845,2.198264499505361e-06,-16.726689152682876,-16.20283364858232
egfxset/Spring Reverb/Middle/4-4.wav,5.0,-0.884569525718689,0.7588915824890137,2.853358785311381e-07,-20.90624897836806,-19.416757493981834
egfxset/Spring Reverb/Middle/4-5.wav,5.0,-0.8826882839202881,0.5884392261505127,1.2207925319671632e-07,-21.363551373681176,-20.98474865524076
egfxset/Spring Reverb/Middle/4-6.wav,5.0,-0.8877300024032593,0.6962343454360962,-1.000872254371643e-06,-24.59562903065486,-22.841945182999464
egfxset/Spring Reverb/Middle/4-7.wav,5.0,-0.8866617679595947,0.6286333799362183,4.611442486445109e-07,-25.992520915865317,-23.815306877301158
egfxset/Spring Reverb/Middle/4-8.wav,5.0,-0.8848955631256104,0.6646618843078613,-7.668877641359965e-07,-19.309899403161577,-16.86310896111062
egfxset/Spring Reverb/Middle/4-9.wav,5.0,-0.8839379549026489,0.637459397315979,2.0465577642122903e-06,-20.713900826817863,-20.27163042592077
egfxset/Spring Reverb/Middle/5-0.wav,5.0,-0.8905967473983765,0.6502078771591187,-5.689725279808045e-07,-16.64063695374495,-16.64417927708373
egfxset/Spring Reverb/Middle/5-1.wav,5.0,-0.8871886730194092,0.7600009441375732,-2.3482243220011394e-08,-18.406078426051366,-17.553393537437646
egfxset/Spring Reverb/Middle/5-10.wav,5.0,-0.8866223096847534,0.7352732419967651,1.3025308648745219e-06,-20.572011551250505,-20.211990628983532
egfxset/Spring Reverb/Middle/5-11.wav,5.0,-0.8869669437408447,0.6603199243545532,-4.314427574475606e-07,-20.871693929210604,-21.028784030465143
egfxset/Spring Reverb/Middle/5-12.wav,5.0,-0.8867294788360596,0.47820329666137695,-9.567436575889587e-06,-18.737243078776398,-18.14029298384649
egfxset/Spring Reverb/Middle/5-13.wav,5.0,-0.8818435668945312,0.836327075958252,1.124037802219391e-06,-18.55474466780057,-16.822568515626006
egfxset/Spring Reverb/Middle/5-14.wav,5.0,-0.8911534547805786,0.657275915145874,4.4743170340855916e-07,-15.327825504207846,-14.425113708183815
egfxset/Spring Reverb/Middle/5-15.wav,5.0,-0.6346286535263062,0.8827178478240967,9.34933622678121e-07,-13.485117680646216,-12.317110489603479
egfxset/Spring Reverb/Middle/5-16.wav,5.0,-0.8817957639694214,0.7439275979995728,-1.4096294840176901e-06,-15.112842888724094,-14.535285275589212
egfxset/Spring Reverb/Middle/5-17.wav,5.0,-0.882495641708374,0.7941997051239014,6.496891379356384e-07,-16.183390655404132,-14.299268659622772
egfxset/Spring Reverb/Middle/5-18.wav,5.0,-0.8869044780731201,0.761205792427063,3.098984559377034e-07,-15.328187938930437,-13.450668417378388
egfxset/Spring Reverb/Middle/5-19.wav,5.0,-0.8909441232681274,0.8847846984863281,-5.106513698895772e-07,-15.731131638227945,-14.386425181301677
egfxset/Spring Reverb/Middle/5-2.wav,5.0,-0.8863152265548706,0.8775861263275146,-7.227157553037008e-07,-17.686163269849523,-16.29573055158996
egfxset/Spring Reverb/Middle/5-20.wav,5.0,-0.8737517595291138,0.8890689611434937,6.314516067504882e-07,-16.976255868742907,-14.719083421479288
egfxset/Spring Reverb/Middle/5-21.wav,5.0,-0.8884693384170532,0.8262952566146851,2.416253089904785e-07,-17.015315834062005,-14.380833839019772
egfxset/Spring Reverb/Middle/5-22.wav,5.0,-0.8613734245300293,0.8880050182342529,1.592653691768646e-05,-18.610968462937834,-16.583989521352777
egfxset/Spring Reverb/Middle/5-3.wav,5.0,-0.885443925857544,0.742627739906311,3.447309136390686e-07,-17.04422360203801,-17.427603379863978
egfxset/Spring Reverb/Middle/5-4.wav,5.0,-0.8864806890487671,0.6690487861633301,-4.814311861991883e-07,-16.81607021057172,-16.773815926105115
egfxset/Spring Reverb/Middle/5-5.wav,5.0,-0.8859343528747559,0.6758017539978027,9.80156163374583e-07,-17.877587411505967,-16.824335537202344
egfxset/Spring Reverb/Middle/5-6.wav,5.0,-0.8828498125076294,0.5126409530639648,-5.256970723470052e-07,-21.729224318971617,-21.171509067050206
egfxset/Spring Reverb/Middle/5-7.wav,5.0,-0.8845289945602417,0.5568332672119141,4.017526904741923e-07,-18.458101107056684,-16.626260504794704
egfxset/Spring Reverb/Middle/5-8.wav,5.0,-0.8815269470214844,0.6343001127243042,-6.370862325032552e-07,-18.678565892279572,-18.10755800166739
egfxset/Spring Reverb/Middle/5-9.wav,5.0,-0.8892089128494263,0.6454700231552124,4.4626792271931967e-07,-19.242174562736174,-17.90370439826841
egfxset/Spring Reverb/Middle/6-0.wav,5.0,-0.8879153728485107,0.6498316526412964,-1.7361380656560264e-05,-17.249912472835835,-17.297128508462237
egfxset/Spring Reverb/Middle/6-1.wav,5.0,-0.8853020668029785,0.6053118705749512,-1.9370963176091512e-07,-19.24137070061108,-19.52663369895469
egfxset/Spring Reverb/Middle/6-10.wav,5.0,-0.8823565244674683,0.5273675918579102,7.474372784296671e-08,-19.96175836914637,-19.623806420777306
egfxset/Spring Reverb/Middle/6-11.wav,5.0,-0.8829793930053711,0.49049651622772217,1.1124908924102783e-06,-20.266720124034734,-21.24392744329666
egfxset/Spring Reverb/Middle/6-12.wav,5.0,-0.8833956718444824,0.46102285385131836,2.0692199468612671e-07,-18.588848167773662,-16.92707538113329
egfxset/Spring Reverb/Middle/6-13.wav,5.0,-0.8896437883377075,0.5492076873779297,-5.533372362454733e-07,-17.564031010821914,-15.42652726950024
egfxset/Spring Reverb/Middle/6-14.wav,5.0,-0.8850375413894653,0.4989936351776123,5.596205592155457e-07,-21.28766647087705,-20.42947777448614
egfxset/Spring Reverb/Middle/6-15.wav,5.0,-0.8835175037384033,0.654146671295166,-7.254352172215779e-07,-18.539680859316988,-17.83788517362466
egfxset/Spring Reverb/Middle/6-16.wav,5.0,-0.882919192314148,0.5544928312301636,-6.158138314882914e-07,-19.725596319150743,-15.698069378849183
egfxset/Spring Reverb/Middle/6-17.wav,5.0,-0.891112208366394,0.639154314994812,2.1506895621617634e-07,-17.129608108854622,-15.821179263408021
egfxset/Spring Reverb/Middle/6-18.wav,5.0,-0.8867267370223999,0.7570593357086182,-1.524209976196289e-07,-16.998436786198212,-16.366386685777798
egfxset/Spring Reverb/Middle/6-19.wav,5.0,-0.8882542848587036,0.8697054386138916,1.3356953859329223e-07,-15.888751184111863,-11.787781702425635
egfxset/Spring Reverb/Middle/6-2.wav,5.0,-0.8847469091415405,0.6855190992355347,-8.641213178634644e-07,-19.66194662480969,-20.009545858425728
egfxset/Spring Reverb/Middle/6-20.wav,5.0,-0.8898342847824097,0.7808408737182617,2.1653225024541218e-07,-14.063746996592041,-10.950009028369559
egfxset/Spring Reverb/Middle/6-21.wav,5.0,-0.8802257776260376,0.8879940509796143,-6.376579403877258e-07,-14.802330751085801,-13.663741704066991
egfxset/Spring Reverb/Middle/6-22.wav,5.0,-0.8904528617858887,0.8524167537689209,7.666716972986857e-07,-18.913507564421693,-18.995623133392815
egfxset/Spring Reverb/Middle/6-3.wav,5.0,-0.8882092237472534,0.5161288976669312,5.842660864194235e-07,-19.71809635534816,-19.079607878507716
egfxset/Spring Reverb/Middle/6-4.wav,5.0,-0.888135552406311,0.7021563053131104,7.412731647491455e-08,-18.63127668626117,-18.028862851216935
egfxset/Spring Reverb/Middle/6-5.wav,5.0,-0.8874576091766357,0.45395195484161377,-7.990320523579915e-07,-20.81942890920648,-19.89764557178253
egfxset/Spring Reverb/Middle/6-6.wav,5.0,-0.8815931081771851,0.5348900556564331,-1.0249018669128418e-07,-19.352959149056364,-19.155141466592887
egfxset/Spring Reverb/Middle/6-7.wav,5.0,-0.8888293504714966,0.677390456199646,-7.884204387664794e-07,-16.69557333426924,-15.599593160591853
egfxset/Spring Reverb/Middle/6-8.wav,5.0,-0.8818883895874023,0.46796345710754395,1.5994906425476073e-08,-18.995850478766968,-19.729168557249974
egfxset/Spring Reverb/Middle/6-9.wav,5.0,-0.8889838457107544,0.5185761451721191,-9.158983826637268e-07,-18.093965906838836,-18.141593693069993
egfxset/Spring Reverb/Neck/1-0.wav,5.0,-0.8862955570220947,0.49155545234680176,1.3259947299957275e-07,-27.77649654174963,-24.821742934908688
egfxset/Spring Reverb/Neck/1-1.wav,5.0,-0.8829692602157593,0.4563385248184204,2.2568355003992715e-07,-26.777164370236257,-24.235402101148214
egfxset/Spring Reverb/Neck/1-10.wav,5.0,-0.888513445854187,0.4464174509048462,-2.579559882481893e-07,-29.794605208645223,-25.531735355844006
egfxset/Spring Reverb/Neck/1-11.wav,5.0,-0.8872389793395996,0.5068199634552002,-2.0665874083836873e-07,-28.74361031488099,-23.73320276426376
egfxset/Spring Reverb/Neck/1-12.wav,5.0,-0.8872730731964111,0.5345606803894043,2.7468403180440266e-07,-30.993279358051325,-25.875903079104237
egfxset/Spring Reverb/Neck/1-13.wav,5.0,-0.8883743286132812,0.6422634124755859,-5.085607369740804e-07,-24.31667693425269,-19.631747367215763
egfxset/Spring Reverb/Neck/1-14.wav,5.0,-0.8853044509887695,0.6357147693634033,4.196256399154663e-07,-23.908570567176998,-19.105212567812384
egfxset/Spring Reverb/Neck/1-15.wav,5.0,-0.8819212913513184,0.6053568124771118,1.7420649528503417e-07,-29.855549708093854,-25.83485353853839
egfxset/Spring Reverb/Neck/1-16.wav,5.0,-0.8823119401931763,0.5788882970809937,-8.371273676554362e-08,-30.84573262695953,-25.864187937578752
egfxset/Spring Reverb/Neck/1-17.wav,5.0,-0.8908817768096924,0.5045868158340454,-5.085503061612447e-07,-29.289990172728984,-24.53375365067711
egfxset/Spring Reverb/Neck/1-18.wav,5.0,-0.8101009130477905,0.626067042350769,-2.920250097910563e-07,-25.03297941103564,-21.549873980107183
egfxset/Spring Reverb/Neck/1-19.wav,5.0,-0.8892940282821655,0.6664828062057495,-1.4404356479644777e-07,-23.147774080411196,-19.22210857341097
egfxset/Spring Reverb/Neck/1-2.wav,5.0,-0.8817383050918579,0.5019656419754028,-2.059480547904968e-06,-26.078236653207107,-23.083058066456186
egfxset/Spring Reverb/Neck/1-20.wav,5.0,-0.8876330852508545,0.5707039833068848,-3.066758314768473e-08,-23.159350386748866,-17.89491361263078
egfxset/Spring Reverb/Neck/1-21.wav,5.0,-0.8838272094726562,0.7147386074066162,-5.722482999165852e-07,-21.392380494593084,-14.808729970686455
egfxset/Spring Reverb/Neck/1-22.wav,5.0,-0.8892998695373535,0.6676748991012573,2.8672168652216594e-07,-20.960498947033585,-12.61108501720906
egfxset/Spring Reverb/Neck/1-3.wav,5.0,-0.8870878219604492,0.5265825986862183,2.3693790038426717e-07,-25.714058056068048,-21.945506628581047
egfxset/Spring Reverb/Neck/1-4.wav,5.0,-0.8869003057479858,0.4906107187271118,1.4955401420593262e-07,-26.19014190313653,-20.855289010087862
egfxset/Spring Reverb/Neck/1-5.wav,5.0,-0.8854923248291016,0.47503602504730225,-7.688601811726888e-08,-27.442925442883336,-23.237025600846952
egfxset/Spring Reverb/Neck/1-6.wav,5.0,-0.8901083469390869,0.44974029064178467,-2.6693180203437803e-06,-27.26300844018356,-23.8493868013344
egfxset/Spring Reverb/Neck/1-7.wav,5.0,-0.887617826461792,0.4350318908691406,1.4808063705762226e-06,-28.575432411433184,-25.245645001970825
egfxset/Spring Reverb/Neck/1-8.wav,5.0,-0.8880239725112915,0.5068960189819336,-5.428741375605265e-07,-25.124303513284513,-21.53527185924772
egfxset/Spring Reverb/Neck/1-9.wav,5.0,-0.8852754831314087,0.543718695640564,1.9118885199228922e-07,-25.27915557383842,-22.61152583414847
egfxset/Spring Reverb/Neck/2-0.wav,5.0,-0.884484052658081,0.6568033695220947,-4.5716812213261923e-07,-22.670216502882123,-21.516235975286115
egfxset/Spring Reverb/Neck/2-1.wav,5.0,-0.882649302482605,0.7594009637832642,-1.4631196856498718e-06,-18.48657244229891,-16.9628467852483
egfxset/Spring Reverb/Neck/2-10.wav,5.0,-0.8842959403991699,0.5133087635040283,-2.7574350436528525e-07,-27.703927499806884,-23.482026703549195
egfxset/Spring Reverb/Neck/2-11.wav,5.0,-0.8902428150177002,0.631136417388916,-4.5104225476582845e-07,-22.141752314154214,-18.736210888373815
egfxset/Spring Reverb/Neck/2-12.wav,5.0,-0.884292721748352,0.5994472503662109,-1.3310213883717856e-07,-21.601198833935115,-18.229719820154116
egfxset/Spring Reverb/Neck/2-13.wav,5.0,-0.8896442651748657,0.5734058618545532,1.710623502731323e-07,-24.380030890481503,-19.805618709406044
egfxset/Spring Reverb/Neck/2-14.wav,5.0,-0.889488935470581,0.53147292137146,1.41027569770813e-07,-26.6051758951927,-22.273652962465718
egfxset/Spring Reverb/Neck/2-15.wav,5.0,-0.8814417123794556,0.5788099765777588,1.8574347098668415e-07,-25.837958582466754,-22.07989623956073
egfxset/Spring Reverb/Neck/2-16.wav,5.0,-0.8873094320297241,0.6944746971130371,8.209084471066792e-07,-25.189147179226158,-21.7054763692541
egfxset/Spring Reverb/Neck/2-17.wav,5.0,-0.8822804689407349,0.6673600673675537,4.21510636806488e-07,-25.507920943324237,-22.183284520905193
egfxset/Spring Reverb/Neck/2-18.wav,5.0,-0.8874256610870361,0.66252601146698,2.6496599117914835e-07,-24.939625204211836,-20.365999314264574
egfxset/Spring Reverb/Neck/2-19.wav,5.0,-0.8891651630401611,0.6634407043457031,-1.6488830248514812e-07,-26.864590625090056,-22.53423076763472
egfxset/Spring Reverb/Neck/2-2.wav,5.0,-0.8887288570404053,0.4272913932800293,-8.196031053860983e-07,-26.10546030673345,-24.9776169522151
egfxset/Spring Reverb/Neck/2-20.wav,5.0,-0.8859182596206665,0.643704891204834,-3.197997808456421e-07,-23.724399408195175,-18.738339226980333
egfxset/Spring Reverb/Neck/2-21.wav,5.0,-0.8867428302764893,0.7842985391616821,8.462866147359212e-09,-24.1145731425106,-18.284826235035695
egfxset/Spring Reverb/Neck/2-22.wav,5.0,-0.8871822357177734,0.7254433631896973,-1.3375033934911093e-07,-24.082051440554082,-17.47079690569787
egfxset/Spring Reverb/Neck/2-3.wav,5.0,-0.8901684284210205,0.5030944347381592,-6.304452816645305e-07,-23.226677849396637,-19.887460189929758
egfxset/Spring Reverb/Neck/2-4.wav,5.0,-0.8901535272598267,0.5673933029174805,-3.454282879829407e-07,-24.39412748278723,-19.683095648655698
egfxset/Spring Reverb/Neck/2-5.wav,5.0,-0.8884265422821045,0.7117823362350464,-4.6735207239786785e-07,-24.466856330156382,-21.11391915179705
egfxset/Spring Reverb/Neck/2-6.wav,5.0,-0.8810709714889526,0.621269702911377,4.7139227390289305e-07,-20.225362358104753,-19.235834324357807
egfxset/Spring Reverb/Neck/2-7.wav,5.0,-0.8815350532531738,0.7527575492858887,-2.813547849655151e-07,-22.07981632116605,-19.24699057508754
egfxset/Spring Reverb/Neck/2-8.wav,5.0,-0.8895494937896729,0.6567083597183228,5.829607446988424e-07,-26.01206183456985,-21.834357062530277
egfxset/Spring Reverb/Neck/2-9.wav,5.0,-0.8902628421783447,0.6232330799102783,3.382116556167602e-08,-28.590856478234556,-24.287497848900795
egfxset/Spring Reverb/Neck/3-0.wav,5.0,-0.8831894397735596,0.8296476602554321,3.5443206628163656e-07,-18.31902193924946,-17.721604547752726
egfxset/Spring Reverb/Neck/3-1.wav,5.0,-0.8818706274032593,0.6128882169723511,5.219181378682455e-08,-22.326534361526967,-19.85327244539903
egfxset/Spring Reverb/Neck/3-10.wav,5.0,-0.8825281858444214,0.8822240829467773,-2.597112456957499e-06,-12.87987968615379,-12.575282561056472
egfxset/Spring Reverb/Neck/3-11.wav,5.0,-0.8414376974105835,0.8832360506057739,1.1078735192616781e-06,-20.603926027910553,-19.236250550757326
egfxset/Spring Reverb/Neck/3-12.wav,5.0,-0.8847867250442505,0.8599879741668701,-3.955597678820292e-07,-20.83107982961703,-19.483049908522023
egfxset/Spring Reverb/Neck/3-13.wav,5.0,-0.8841871023178101,0.8291051387786865,-8.881757656733195e-07,-23.873033211986954,-21.21228240766367
egfxset/Spring Reverb/Neck/3-14.wav,5.0,-0.8864704370498657,0.8085546493530273,-2.896040678024292e-08,-20.13736989166636,-17.1828729625546
egfxset/Spring Reverb/Neck/3-15.wav,5.0,-0.832384467124939,0.8903671503067017,1.1757661898930867e-07,-15.716279436239496,-14.288884167883042
egfxset/Spring Reverb/Neck/3-16.wav,5.0,-0.8867112398147583,0.8498204946517944,-6.742129723230998e-08,-18.9068814662885,-16.55437755655575
egfxset/Spring Reverb/Neck/3-17.wav,5.0,-0.8816170692443848,0.7966331243515015,-1.4220426479975382e-07,-18.401220074415466,-13.179372695751123
egfxset/Spring Reverb/Neck/3-18.wav,5.0,-0.8863829374313354,0.8548110723495483,-6.493717432022095e-07,-22.55630545405321,-19.906070943879982
egfxset/Spring Reverb/Neck/3-19.wav,5.0,-0.773297905921936,0.8823748826980591,-4.00930643081665e-08,-24.419676244711308,-22.207991231485277
egfxset/Spring Reverb/Neck/3-2.wav,5.0,-0.882529616355896,0.6610045433044434,-2.830177545547485e-07,-21.910591246877473,-21.507335947913443
egfxset/Spring Reverb/Neck/3-20.wav,5.0,-0.8366187810897827,0.7311478853225708,-2.0940303802490234e-07,-22.91462138728138,-19.99504869097441
egfxset/Spring Reverb/Neck/3-21.wav,5.0,-0.8875596523284912,0.6343981027603149,-2.564047773679097e-07,-24.46250094587883,-21.47726040760794
egfxset/Spring Reverb/Neck/3-22.wav,5.0,-0.8860596418380737,0.695746898651123,-4.846895734469096e-07,-23.82206256601603,-18.891553233534292
egfxset/Spring Reverb/Neck/3-3.wav,5.0,-0.8902435302734375,0.6413605213165283,-6.06362521648407e-07,-21.36452939448544,-19.27833837980141
egfxset/Spring Reverb/Neck/3-4.wav,5.0,-0.8858199119567871,0.7027096748352051,1.0115901629130045e-08,-19.334511423796883,-17.453125027453122
egfxset/Spring Reverb/Neck/3-5.wav,5.0,-0.885483980178833,0.5760194063186646,-7.171730200449625e-08,-20.47114259109337,-19.993824116235608
egfxset/Spring Reverb/Neck/3-6.wav,5.0,-0.8853445053100586,0.5841330289840698,-7.621665795644124e-07,-23.271966856723985,-22.672983611113306
egfxset/Spring Reverb/Neck/3-7.wav,5.0,-0.8826216459274292,0.6039700508117676,-4.8115849494934083e-08,-20.582615315353316,-19.551286580322973
egfxset/Spring Reverb/Neck/3-8.wav,5.0,-0.8887655735015869,0.85981285572052,9.914591908454896e-07,-20.019773437299236,-19.658710685484195
egfxset/Spring Reverb/Neck/3-9.wav,5.0,-0.8173984289169312,0.8886693716049194,8.025427659352621e-07,-19.659306770611277,-19.24903450139067
egfxset/Spring Reverb/Neck/4-0.wav,5.0,-0.8905080556869507,0.6914525032043457,5.965163310368856e-07,-16.0240655651184,-15.872182481366986
egfxset/Spring Reverb/Neck/4-1.wav,5.0,-0.883797287940979,0.709240198135376,-4.4572999080022175e-07,-18.218301636125517,-16.615071550185373
egfxset/Spring Reverb/Neck/4-10.wav,5.0,-0.8898885250091553,0.7286217212677002,2.436677614847819e-07,-16.329228497444316,-15.58372609603479
egfxset/Spring Reverb/Neck/4-11.wav,5.0,-0.8878016471862793,0.7526146173477173,3.787651658058167e-07,-20.178290693412908,-19.334842565222008
egfxset/Spring Reverb/Neck/4-12.wav,5.0,-0.8850293159484863,0.8443472385406494,-2.0825713872909545e-07,-20.237857746589448,-18.98925735877172
egfxset/Spring Reverb/Neck/4-13.wav,5.0,-0.8822304010391235,0.8722329139709473,-1.6007855534553528e-06,-16.866760618205745,-15.339907120680973
egfxset/Spring Reverb/Neck/4-14.wav,5.0,-0.8892145156860352,0.8688095808029175,2.8290549914042156e-07,-17.87727784688486,-16.699843034150884
egfxset/Spring Reverb/Neck/4-15.wav,5.0,-0.8860253095626831,0.8187453746795654,1.095832884311676e-06,-13.940603396211575,-12.280327266134046
egfxset/Spring Reverb/Neck/4-16.wav,5.0,-0.8851499557495117,0.7808783054351807,-3.421152631441752e-07,-20.220150328142125,-18.81601499570748
egfxset/Spring Reverb/Neck/4-17.wav,5.0,-0.8168869018554688,0.89104163646698,-5.76054056485494e-07,-20.63221719906821,-18.719748448035812
egfxset/Spring Reverb/Neck/4-18.wav,5.0,-0.8580969572067261,0.8811712265014648,-8.127639691034953e-08,-19.794142092613352,-16.209370872123564
egfxset/Spring Reverb/Neck/4-19.wav,5.0,-0.8842147588729858,0.7693625688552856,-4.83339528242747e-07,-19.62564716038638,-15.578022191825168
egfxset/Spring Reverb/Neck/4-2.wav,5.0,-0.8865015506744385,0.8149499893188477,-1.1556297540664673e-07,-14.307093116806291,-11.876214037141915
egfxset/Spring Reverb/Neck/4-20.wav,5.0,-0.8873929977416992,0.8097480535507202,9.946495294570922e-07,-18.205554146340234,-15.537405055973485
egfxset/Spring Reverb/Neck/4-21.wav,5.0,-0.887438178062439,0.6772893667221069,-9.074568748474121e-07,-19.338380146500324,-15.8589724279598
egfxset/Spring Reverb/Neck/4-22.wav,5.0,-0.8839946985244751,0.676184892654419,-3.540545701980591e-07,-23.205736974984283,-19.31442685446842
egfxset/Spring Reverb/Neck/4-3.wav,5.0,-0.8854227066040039,0.6747454404830933,-5.637993415196737e-07,-17.136294315258155,-16.676330699953173
egfxset/Spring Reverb/Neck/4-4.wav,5.0,-0.8893660306930542,0.7537269592285156,4.255180557568868e-07,-19.041605295330175,-18.505707873672794
egfxset/Spring Reverb/Neck/4-5.wav,5.0,-0.8831130266189575,0.5097172260284424,-4.6874483426411944e-07,-23.72078198058093,-22.458410953809302
egfxset/Spring Reverb/Neck/4-6.wav,5.0,-0.8810805082321167,0.5419256687164307,-1.700421174367269e-08,-26.00088813550688,-24.188456196985967
egfxset/Spring Reverb/Neck/4-7.wav,5.0,-0.8858414888381958,0.7601513862609863,4.021152853965759e-07,-22.524101641252,-20.498829116012388
egfxset/Spring Reverb/Neck/4-8.wav,5.0,-0.8645404577255249,0.8880741596221924,-2.1851261456807455e-07,-21.51995026386473,-20.25719775460476
egfxset/Spring Reverb/Neck/4-9.wav,5.0,-0.8880748748779297,0.8887970447540283,-1.120703915754954e-06,-18.219953387994675,-16.6806465868023
egfxset/Spring Reverb/Neck/5-0.wav,5.0,-0.7832686901092529,0.8866443634033203,1.486783226331075e-06,-17.32589072448335,-17.284543633197323
egfxset/Spring Reverb/Neck/5-1.wav,5.0,-0.8847806453704834,0.7557644844055176,-6.140942374865214e-07,-17.889576608100178,-17.48274400699091
egfxset/Spring Reverb/Neck/5-10.wav,5.0,-0.883918285369873,0.8840987682342529,-1.3340940078099569e-06,-19.58932163543375,-16.717903676858338
egfxset/Spring Reverb/Neck/5-11.wav,5.0,-0.888131856918335,0.5445648431777954,-1.3897418975830077e-07,-21.11661945897938,-20.931789890628572
egfxset/Spring Reverb/Neck/5-12.wav,5.0,-0.8847165107727051,0.7241197824478149,-5.824615557988485e-08,-15.4435849932408,-12.43092793874838
egfxset/Spring Reverb/Neck/5-13.wav,5.0,-0.8862558603286743,0.782508134841919,2.4412026007970176e-07,-17.100979481818523,-16.436482400404522
egfxset/Spring Reverb/Neck/5-14.wav,5.0,-0.8814557790756226,0.8188251256942749,-1.9884208838144938e-07,-16.405595747845545,-14.410152364546521
egfxset/Spring Reverb/Neck/5-15.wav,5.0,-0.8892340660095215,0.7708847522735596,5.263869961102804e-07,-15.35722120394706,-13.214962938164097
egfxset/Spring Reverb/Neck/5-16.wav,5.0,-0.8828349113464355,0.8754984140396118,-1.5123570958773294e-06,-18.018814260742374,-17.111147550087676
egfxset/Spring Reverb/Neck/5-17.wav,5.0,-0.8831883668899536,0.8302209377288818,-1.5437602996826172e-08,-17.531845943692748,-15.713243288224662
egfxset/Spring Reverb/Neck/5-18.wav,5.0,-0.8872994184494019,0.8657212257385254,8.656367659568787e-07,-16.84723711931278,-15.446139279365715
egfxset/Spring Reverb/Neck/5-19.wav,5.0,-0.8251785039901733,0.8884439468383789,3.8112600644429524e-07,-17.15353096156628,-16.173535927970057
egfxset/Spring Reverb/Neck/5-2.wav,5.0,-0.8858555555343628,0.7318449020385742,-7.459397117296855e-07,-15.233219424402208,-14.688543324096809
egfxset/Spring Reverb/Neck/5-20.wav,5.0,-0.7722828388214111,0.8843507766723633,-2.1488318840662637e-07,-15.266844330649313,-13.809181228008834
egfxset/Spring Reverb/Neck/5-21.wav,5.0,-0.8897424936294556,0.819793701171875,9.794731934865316e-08,-21.404556149739314,-19.57314025761782
egfxset/Spring Reverb/Neck/5-22.wav,5.0,-0.8900072574615479,0.7035740613937378,-4.788075884183248e-07,-23.07361863821789,-20.872943106271347
egfxset/Spring Reverb/Neck/5-3.wav,5.0,-0.884833812713623,0.8219895362854004,3.3574501673380534e-07,-13.055009424842865,-12.53426329892783
egfxset/Spring Reverb/Neck/5-4.wav,5.0,-0.882361888885498,0.6319891214370728,-8.671616514523825e-07,-17.594501038529806,-17.65261626099821
egfxset/Spring Reverb/Neck/5-5.wav,5.0,-0.8853477239608765,0.664893627166748,1.6900097330411274e-06,-16.953539456611562,-16.2826161058515
egfxset/Spring Reverb/Neck/5-6.wav,5.0,-0.8862864971160889,0.7108709812164307,-7.760917147000631e-07,-21.31176286380809,-20.783887169452242
egfxset/Spring Reverb/Neck/5-7.wav,5.0,-0.8907649517059326,0.45423638820648193,1.1040965716044108e-07,-22.571004153836192,-20.210692901943432
egfxset/Spring Reverb/Neck/5-8.wav,5.0,-0.8825975656509399,0.5384951829910278,-7.872268557548523e-07,-20.247353202387337,-19.471765464489096
egfxset/Spring Reverb/Neck/5-9.wav,5.0,-0.8844093084335327,0.8056035041809082,1.4425466458002727e-07,-19.57380861323312,-17.842487104080366
egfxset/Spring Reverb/Neck/6-0.wav,5.0,-0.8839613199234009,0.6804102659225464,-1.1840139826138815e-06,-19.400359586498087,-18.803567597151808
egfxset/Spring Reverb/Neck/6-1.wav,5.0,-0.8888183832168579,0.6989541053771973,1.2660423914591472e-07,-21.48285294978325,-22.467463413979686
egfxset/Spring Reverb/Neck/6-10.wav,5.0,-0.8901001214981079,0.5290604829788208,-1.0240654150644938e-06,-23.083227128813583,-23.104890253564808
egfxset/Spring Reverb/Neck/6-11.wav,5.0,-0.8876398801803589,0.6415547132492065,-1.6860564549763999e-07,-21.800246896635393,-20.60011600451179
egfxset/Spring Reverb/Neck/6-12.wav,5.0,-0.8825838565826416,0.6552000045776367,-1.1988242467244467e-06,-21.186132510101547,-19.23785880432244
egfxset/Spring Reverb/Neck/6-13.wav,5.0,-0.8869001865386963,0.6750479936599731,-4.979461431503296e-07,-22.261640764595597,-20.2963268273061
egfxset/Spring Reverb/Neck/6-14.wav,5.0,-0.882308840751648,0.7488621473312378,-6.979952255884807e-08,-19.397496066163036,-18.502990575585365
egfxset/Spring Reverb/Neck/6-15.wav,5.0,-0.8895134925842285,0.6276048421859741,-4.622047146161397e-07,-21.280214576143997,-19.56940878046201
egfxset/Spring Reverb/Neck/6-16.wav,5.0,-0.8847463130950928,0.6983669996261597,-6.958042581876119e-07,-19.38329866213838,-17.594402519391583
egfxset/Spring Reverb/Neck/6-17.wav,5.0,-0.8910211324691772,0.7536330223083496,-1.784096658229828e-06,-17.735114917206335,-15.76795134886268
egfxset/Spring Reverb/Neck/6-18.wav,5.0,-0.887178897857666,0.700041651725769,1.1803607145945231e-07,-20.320555005716734,-18.254950264372752
egfxset/Spring Reverb/Neck/6-19.wav,5.0,-0.8911641836166382,0.7630672454833984,-5.891650915145875e-07,-16.517108658978046,-14.69006902831572
egfxset/Spring Reverb/Neck/6-2.wav,5.0,-0.8852921724319458,0.871265172958374,1.3976410031318665e-06,-20.99711615036542,-21.26287050747803
egfxset/Spring Reverb/Neck/6-20.wav,5.0,-0.881439208984375,0.7318865060806274,3.315865993499756e-07,-16.33676726123955,-13.225421502990232
egfxset/Spring Reverb/Neck/6-21.wav,5.0,-0.8885507583618164,0.8839129209518433,-1.3928552468617757e-06,-20.048096976731426,-16.81688189517573
egfxset/Spring Reverb/Neck/6-22.wav,5.0,-0.8848227262496948,0.6719300746917725,1.9110192855199177e-07,-23.378736411778732,-19.97852289476999
egfxset/Spring Reverb/Neck/6-3.wav,5.0,-0.8835709095001221,0.6262984275817871,-1.4302566647529602e-06,-22.321436657903217,-21.833958892717714
egfxset/Spring Reverb/Neck/6-4.wav,5.0,-0.8871824741363525,0.641747236251831,1.6489177942276e-07,-20.682041918767062,-19.965285824072584
egfxset/Spring Reverb/Neck/6-5.wav,5.0,-0.884459376335144,0.6604357957839966,-4.201428095499674e-06,-20.157092515839516,-18.694657032869916
egfxset/Spring Reverb/Neck/6-6.wav,5.0,-0.8884168863296509,0.6202465295791626,1.0312665005524953e-05,-21.60234274367214,-21.16866474337699
egfxset/Spring Reverb/Neck/6-7.wav,5.0,-0.8841469287872314,0.5837850570678711,7.01789657274882e-06,-18.016459378198398,-17.9875390576258
egfxset/Spring Reverb/Neck/6-8.wav,5.0,-0.8862093687057495,0.5780272483825684,-8.756741881370545e-07,-19.37516173244495,-18.58877377486007
egfxset/Spring Reverb/Neck/6-9.wav,5.0,-0.8873517513275146,0.47635841369628906,-1.4773984750111898e-06,-22.308074615936594,-20.8198276877043
