Index,dry_DC,wet_DC,SNR
0,6.358604753842201e-10,1.5066471403812898e-09,-1.1393146514892578
1,8.125789624502389e-11,4.925532204325123e-10,-2.837543487548828
2,5.960464760645934e-11,-1.19209286886246e-09,-1.1446819305419922
3,2.800952525472411e-10,-1.866719695486907e-10,-0.9403735399246216
4,-1.2498349022393995e-09,7.288763481660965e-10,-2.431499481201172
5,9.601935913039483e-10,-7.026828563461152e-10,-1.3178884983062744
6,1.2550736006033958e-09,-1.8816790348097356e-09,-0.5313659310340881
7,2.738088367149061e-10,4.587345781015273e-10,0.19980968534946442
8,-1.536682239788867e-11,7.200287588382537e-10,-2.0132713317871094
9,-6.854534162492598e-10,-1.1418014311814773e-09,-6.037685871124268
10,-1.8009450597489263e-09,1.6530975199824383e-10,-2.846341609954834
11,1.4901161415892261e-09,-2.059852732827494e-09,0.4398048222064972
12,2.4260954356591924e-10,-1.8562422710033388e-09,0.2365533709526062
13,-6.859190992969388e-10,1.6479753117693008e-09,5.31275749206543
14,-4.204921411066209e-10,2.5939079772996365e-09,-1.1339590549468994
15,2.0363368768983037e-09,4.346948079270163e-10,3.1842281818389893
16,-1.2993114362203073e-09,-1.2920936542926142e-09,0.7334680557250977
17,-1.4929101288529978e-09,-2.466840731685238e-09,1.320760726928711
18,-1.2905803092877477e-09,9.065552197817794e-10,1.4205576181411743
19,-1.552514783398351e-09,-1.4026881878237418e-09,-0.6231851577758789
20,-3.887806077074174e-09,6.080604908476062e-09,0.13973550498485565
21,2.3026951456728284e-09,5.9278679742647e-09,2.2056422233581543
22,-6.894115278655022e-10,-2.0153820834423186e-09,-1.5483460426330566
23,-4.3027104101867053e-10,-8.590286815213233e-10,2.475848436355591
24,2.1522865711887107e-09,1.9330763656455474e-09,1.4684754610061646
25,1.6409903436098716e-09,2.1092128044131186e-09,3.4200005531311035
26,-3.799796033376879e-10,-5.544861791939582e-10,0.9822121858596802
27,2.074055371892314e-09,4.87908247137625e-09,1.7881553173065186
28,3.073364618355612e-10,9.201466810715431e-10,-3.028104543685913
29,-1.531559989942366e-09,-4.726461999560172e-10,0.8311372995376587
30,1.0961667129549824e-09,1.9478612056644806e-09,0.03759562969207764
31,1.639127722441458e-10,8.698552989017116e-10,-1.7007321119308472
32,1.2032688179175466e-09,-3.132503589853286e-09,-2.353416919708252
33,-1.7713754907333623e-09,6.451736922485907e-10,6.872478008270264
34,1.6298144778215118e-10,6.528571017128115e-10,-0.9420916438102722
35,-7.343478602983566e-10,8.313916666224941e-09,-2.156599521636963
36,4.3702311214310896e-10,-6.346963510317494e-10,1.2743825912475586
37,-1.091510104522797e-09,1.2562377804670177e-09,0.7230547666549683
38,-1.4156102678963833e-10,2.1409942707606433e-09,3.0337724685668945
39,-1.1245720327179853e-10,5.590962359747209e-09,-1.956070899963379
40,-1.4454126784357868e-09,3.4626572720242166e-09,2.761486053466797
41,2.6682392406662814e-10,-3.9059666612217825e-09,-1.827749490737915
42,1.0943039807642663e-09,-2.6984490197889954e-09,-0.612202525138855
43,-1.0859221299952537e-09,-7.45290884562877e-10,2.104736804962158
44,9.816140122964612e-10,-1.0910443659639668e-09,-0.7569308280944824
45,6.812624908647535e-10,-4.0861777850231817e-10,3.174149513244629
46,-1.0803341554677104e-09,-3.640307222330108e-10,-3.3996102809906006
47,1.9930303241100233e-10,9.667128209045472e-10,-3.565796375274658
48,-2.159737055862365e-09,-4.806788744815549e-09,-1.392903447151184
49,-7.366761645144493e-10,-8.186907263230125e-10,-0.8378596305847168
50,9.026844272064238e-10,3.969762296662793e-09,-1.789278268814087
51,5.508772882301116e-10,2.811429977711555e-10,-2.580183506011963
52,1.8253921985067478e-10,1.3865064651952252e-09,0.7139998078346252
53,-1.164618845805876e-09,1.6349367415458005e-09,-2.2016801834106445
54,-3.2130628019322316e-11,-1.0039656883620296e-09,-2.501347541809082
55,-7.611233865389977e-10,2.4158508526994638e-09,-1.6634550094604492
56,2.365559415018481e-10,-2.786517239172781e-09,-0.08937344700098038
57,1.7695128695649487e-10,2.341344895739894e-09,0.7375900745391846
58,-1.4267861336847432e-09,-1.0486692625377714e-09,3.2685470581054688
59,5.215406578829018e-11,7.733760853945171e-10,1.0589373111724854
60,3.892928479576341e-10,-9.633367437089646e-10,-3.707078695297241
61,-1.0803341554677104e-10,-7.688067960032186e-10,3.4931015968322754
62,3.6507843970134957e-10,-9.192153704873363e-10,3.1785316467285156
63,-6.742775227053244e-10,7.64615815107561e-10,-4.246947288513184
64,-1.1641532356165829e-11,1.926790060835515e-09,-1.10513174533844
65,-7.133930668423716e-10,-1.8236459564668905e-10,-3.0491995811462402
66,9.313225884932663e-11,2.980232380322967e-11,-2.950244188308716
67,1.3411045607369942e-09,5.587935669737476e-10,-5.13728666305542
68,1.3862736514269614e-09,1.7638085436644246e-09,-3.4868695735931396
69,1.6274861458498435e-09,1.2231757828828904e-09,-3.6991615295410156
70,7.329508666664708e-10,-7.225898768226102e-10,-4.108131408691406
71,8.549541075097977e-10,-1.5393597507795675e-09,1.7746394872665405
72,2.2705644031617567e-09,-1.0541407746700315e-09,0.7693091034889221
73,1.416541661747317e-09,-1.1852826498071067e-09,0.9764426350593567
74,-1.6763807009212428e-10,8.375500293311688e-10,-1.8335212469100952
75,4.3073669631077394e-11,-3.3632385765258732e-09,-3.3852241039276123
76,-6.831251120331672e-10,-1.1455267984183948e-10,-5.114727020263672
77,-2.1909363212557764e-10,1.8868595574872415e-09,-3.0398080348968506
78,-4.379544504828914e-10,2.5987392238135953e-09,1.3496897220611572
79,1.0887161172590254e-09,2.0999577632352384e-09,-0.6090664267539978
80,1.232139723583714e-09,-1.4274846860118373e-09,1.3291407823562622
81,1.089414558563817e-09,1.1660158394377618e-09,2.0692503452301025
82,-1.0672956962665126e-09,5.489564358640564e-09,-1.5647647380828857
83,-3.508292101273014e-09,3.5489211569483814e-09,0.7200499773025513
84,-5.620531817740471e-10,1.1746305317306138e-10,-1.903359293937683
85,8.009374413697756e-11,1.1748634287656046e-09,0.6859720945358276
86,-3.222375977163239e-10,-1.2884847633287677e-09,-1.85186767578125
87,-2.852175440271054e-10,-1.9562431674557956e-09,-2.9332635402679443
88,-4.293397026788881e-10,2.2000168353741856e-09,-1.490958333015442
89,-1.4742835841019541e-09,3.088614919377619e-09,-4.072567939758301
90,4.821922860998029e-10,8.239876558846504e-10,0.13136181235313416
91,-1.4596153175006066e-09,1.0977965064773443e-10,2.8249552249908447
92,1.8253921985067478e-10,1.7592683976275225e-09,-0.3234850764274597
93,3.7252903539730653e-10,5.388166801623129e-09,3.441340923309326
94,-1.35507438603355e-10,-1.5120021901182668e-09,-0.5858829617500305
95,6.9092492838152e-10,1.04424546787385e-09,-1.9112337827682495
96,6.09550632191258e-10,4.5762862943554694e-10,3.1131114959716797
97,5.41098388318062e-10,-6.640912264543886e-10,1.3934528827667236
98,6.37024655247842e-10,-2.1816230766358302e-10,-2.726625442504883
99,9.455252136802983e-10,1.0921503701410984e-09,0.7130298614501953
100,1.1429656110450992e-09,-2.5419284455097113e-09,-2.7757363319396973
101,6.817281184012813e-10,3.429595496484694e-10,-1.7090661525726318
102,-1.0235234881861288e-09,-3.415625560165836e-09,1.4736884832382202
103,-1.583248462888598e-11,6.1643659066135115e-09,-2.0283000469207764
104,-1.0926741733641165e-09,1.3716052738033113e-09,-3.313852310180664
105,5.110632750326971e-11,-6.243353611878888e-10,-2.442131280899048
106,-1.3243407481766667e-09,-5.438923755818337e-10,-2.5234577655792236
107,-5.066395081243513e-10,3.033783224637432e-10,3.268792152404785
108,6.16535544839536e-10,-2.5599727893066415e-10,0.5025121569633484
109,3.1320377402721533e-09,-7.392372824988058e-10,1.0067107677459717
110,-8.074566570925867e-10,-2.755201400361784e-09,-1.936402440071106
111,-1.8806312063190944e-09,-5.455221829819834e-10,-1.6791861057281494
112,1.109437985924444e-09,2.0046717619237597e-09,-0.9324610829353333
113,-3.003515144928137e-11,1.8467544160571947e-09,-3.7141385078430176
114,-3.6507843970134957e-10,-1.9553698660246255e-09,-1.5063406229019165
115,4.0652231581006504e-10,1.6184058537760393e-09,-2.3556137084960938
116,4.6566129424663316e-11,9.451177618302609e-10,-1.2725125551223755
117,-6.891787140972383e-10,2.263113862976951e-10,2.2673628330230713
118,5.22006327052793e-10,2.0395964084318763e-10,0.22282065451145172
119,-2.328306384496992e-12,-3.0761002633994394e-09,0.0792447105050087
120,-7.227063392178934e-10,-7.939524732103465e-11,-0.4844491183757782
121,-1.8402933621430861e-09,2.297456447308832e-09,2.7192962169647217
122,-1.7518178019315656e-09,1.4663673608694694e-09,-1.64934504032135
123,-2.816086530632589e-10,5.2768736047426046e-09,-1.7302238941192627
124,-1.303851610012785e-10,3.227032807640029e-10,-2.6133813858032227
125,1.654028913833372e-09,1.1625234108691984e-09,-0.9676355123519897
126,-4.1676684325864244e-10,-1.80449566400398e-09,-3.311486005783081
127,3.650551638756383e-09,1.0763178126538264e-09,-4.3001790046691895
128,8.381902949494702e-10,-2.1988526555105636e-09,2.1804752349853516
129,-1.4444813123404288e-09,1.3157259726170878e-09,0.4350118041038513
130,5.131587377249502e-10,-4.954519461364271e-09,2.683562994003296
131,-6.016344089587733e-10,4.793982988360312e-10,-0.1591786891222
132,-7.906928445322592e-10,1.5460537294842425e-09,-0.03392186388373375
133,-2.2444873737370585e-10,-2.2673047883614572e-09,-1.7827966213226318
134,1.957640050065379e-09,-3.3451943992623967e-10,2.001864433288574
135,-2.31899319191875e-10,2.2919848241542695e-09,-3.793628454208374
136,-8.493661884934056e-10,-1.200474830653775e-09,-1.3890886306762695
137,7.413327729466346e-10,1.1478550748789118e-10,-1.2532331943511963
138,-2.7241184308302024e-10,-4.691537713874538e-10,2.908503532409668
139,-9.825452951250924e-11,2.1420419604734064e-10,-1.276614785194397
140,-2.142041925778937e-11,-4.213070448066958e-10,-0.6629756689071655
141,-1.3299286116819076e-09,8.717179200701253e-10,-1.9419336318969727
142,1.205597066622488e-09,1.9833823472481527e-09,1.0015342235565186
143,-3.2838434194104593e-09,2.6135238417879236e-10,-3.2233192920684814
144,5.727633992091974e-11,1.6369158251094973e-09,-2.838759660720825
145,-5.541369585415623e-10,-1.949083561214593e-09,1.056959867477417
146,-1.1827796519980893e-09,2.1123559845737105e-10,-1.4463376998901367
147,-1.2118835102103986e-10,-1.0881922030137048e-09,-0.4102880358695984
148,-8.463393874613701e-10,3.193970865567053e-09,-3.2134017944335938
149,3.0966476605165383e-10,1.180451403293148e-09,-2.123623847961426
150,-2.828892231576674e-09,-1.3196841397444814e-09,5.364912033081055
151,-1.1175870992530257e-11,-3.4279654670399395e-09,1.5590574741363525
152,-4.516914620111834e-10,-6.09084949143579e-10,0.01911555603146553
153,2.495944562141972e-10,3.608874865612677e-10,2.668003559112549
154,-6.509944805443979e-10,-7.068738372417727e-10,-1.6226392984390259
155,2.551823752305893e-10,-9.078066631751369e-10,2.3297502994537354
156,-1.4603137588053983e-09,2.624001460560521e-09,-1.440851092338562
157,-2.004206134387232e-09,3.509456281136636e-09,3.0020880699157715
158,-1.3573444590520012e-09,-5.571637040624466e-10,-2.436647891998291
159,-9.778886728151193e-11,-1.3858080238904336e-09,-2.7148380279541016
160,-2.0563601932366282e-09,-7.376074750986561e-10,-4.750101089477539
161,1.035630692314271e-09,4.9825758102750584e-11,0.2877594828605652
162,-1.396285420618426e-09,-2.3248138969478305e-09,-0.03246060758829117
163,-2.756714856388953e-10,9.000068468267841e-10,0.8363211750984192
164,3.8347205966182685e-10,-4.0626035868740473e-10,1.0031166076660156
165,-1.0430813157658037e-10,-1.154839973649402e-10,1.8502533435821533
166,1.5553086596398202e-10,-8.097849613086794e-10,-0.3777245283126831
167,-3.0617230972751486e-10,-7.79051323451796e-10,2.611238956451416
168,2.1012964701583314e-09,1.6868579866269329e-09,-4.416497230529785
169,6.975606203774021e-10,1.206062749670167e-10,-1.9174152612686157
170,-1.2852251207728926e-10,6.118789364073507e-10,0.10398605465888977
171,1.009320849121309e-09,1.166481577996592e-09,5.329834938049316
172,-1.3366807660730728e-09,6.231712368354181e-10,-3.73582124710083
173,1.592561638119605e-10,-1.3503013152060817e-09,0.9696071147918701
174,2.6822088994293836e-10,-1.1175870645585562e-10,-0.8512618541717529
175,-2.6635826877452473e-10,-1.2929085579926891e-09,-2.0358502864837646
176,-1.9371509951682242e-10,9.135110445868122e-10,-1.8457462787628174
177,-3.958120983749147e-11,3.525056080366795e-10,-1.479013204574585
178,-2.328306547127318e-13,1.9290018193895975e-10,-2.017388105392456
179,-5.776528144707527e-10,-7.899943477163163e-10,-3.144390821456909
180,-3.315508423362701e-10,1.3395911047098252e-09,-2.4920270442962646
181,-1.3643876306534963e-10,2.542685173523296e-09,1.842607021331787
182,-2.5900079858587333e-09,-8.123461348041872e-10,-0.42703938484191895
183,1.659151149802085e-09,-3.4954863448177775e-09,-2.2489981651306152
184,7.580965855069621e-10,-2.4575275148208675e-10,-3.740111827850342
185,2.6207416237156167e-09,-1.531327176174102e-09,-3.519604206085205
186,9.275972767675e-10,4.74159600472035e-09,3.792720317840576
187,-3.7206335790074263e-09,1.8613063312855616e-09,-4.276422023773193
188,-8.526258032937051e-10,-3.3661491372072305e-09,0.5434126257896423
189,-1.788139358804841e-10,1.478940303556442e-09,-4.147244453430176
190,8.083879676767936e-10,-9.890063212836253e-10,-3.051408529281616
191,-1.6763807009212428e-10,7.105991350897511e-10,-0.3384001553058624
192,-1.1856901016571442e-09,9.661307309727363e-10,-1.90818190574646
193,1.4740507703336903e-09,1.4241959833682927e-09,-2.940814971923828
194,2.2621824413704417e-09,1.0397052108146454e-09,-0.11457584798336029
195,-6.781192274374348e-10,9.66247151734656e-11,-2.047898530960083
196,4.6007334053577154e-10,-1.3876706728144228e-10,1.3601768016815186
197,2.4549662303030573e-09,8.435454001975984e-10,-2.0021114349365234
198,-1.3494864115060068e-09,-1.2107193719801401e-11,-2.5270004272460938
199,7.522757972111549e-10,-5.092006261087079e-10,-1.0367921590805054
200,-1.8179416860775177e-09,-1.2442469277118562e-09,4.299310684204102
201,-1.4964025574215611e-09,3.1059608218697576e-09,-2.296355962753296
202,-8.835923104300036e-10,1.321546760912895e-09,0.10253915190696716
203,9.718350568732603e-10,-1.3119424435714677e-09,-1.5030338764190674
204,9.723007954320906e-10,1.885928302414186e-09,-0.5741565227508545
205,1.002103067193616e-09,7.161870541061433e-10,1.7019987106323242
206,3.5751146487683627e-10,2.5384361279634504e-10,0.4676395654678345
207,-1.8018763148219819e-09,-1.7954735476166661e-09,-2.7496628761291504
208,3.053573782718644e-10,-2.3534520998680364e-09,0.6726860404014587
209,-2.816319399912004e-09,-1.841457542006708e-09,-2.0624070167541504
210,7.152557435219364e-10,-1.1711381864287773e-10,-0.7194666862487793
211,1.5739351488797126e-10,2.1163724106543214e-09,3.7626028060913086
212,-9.341165618792502e-10,-2.1944288608466422e-09,5.995884418487549
213,-3.4389086023267623e-10,8.718343269542572e-10,1.8324637413024902
214,5.308538608694846e-10,1.6080738962642727e-09,1.04573655128479
215,-1.219916168082591e-09,-2.6714406242689392e-09,0.5367835164070129
216,1.2498349022393995e-09,-3.4994446229674736e-10,-4.161532402038574
217,-1.369044211330106e-09,5.460460417161528e-10,-2.8292605876922607
218,1.274049310495684e-09,-6.104819427754649e-10,-1.58591890335083
219,-2.8684735142725515e-10,7.51577300395212e-10,-2.4630019664764404
220,5.074544118244262e-10,2.390588560441387e-10,4.010748386383057
221,-1.5422702004386224e-09,-4.941248299417111e-09,0.15534131228923798
222,4.782341189724093e-10,3.5472331738617413e-09,-1.6113920211791992
223,1.4721881491652766e-09,2.6959461330022805e-09,-2.5645434856414795
224,-1.7136335406231495e-10,8.495990022616695e-10,0.8086145520210266
225,-1.4901161901614834e-11,2.5173649831344846e-09,-1.488771677017212
226,5.406327607815342e-10,-2.1306332254056315e-09,0.07966205477714539
227,1.501757607158538e-10,-4.775821960123494e-09,5.9215545654296875
228,1.899665313942478e-09,9.2864504974699e-10,-3.17510724067688
229,1.973239793784387e-09,2.430286194510245e-09,-2.267082452774048
230,-7.450580430390374e-11,4.299683276087762e-09,0.800468921661377
231,-1.5744008319273917e-09,-2.175103874790807e-09,-2.9301366806030273
232,5.960464760645934e-11,-7.39266370342051e-10,2.8685898780822754
233,-3.312597973703646e-09,-4.587345614481819e-09,-3.787468910217285
234,2.2526364107378072e-10,4.785251639383148e-10,-2.1461753845214844
235,-1.9371509951682242e-10,1.008156669257687e-09,-4.061100482940674
236,-1.5739352043908639e-09,4.039611700701329e-10,1.172619104385376
237,-1.7099082150195954e-09,-1.9810395546215886e-09,4.9582295417785645
238,-2.980232380322967e-11,-6.072223279751654e-10,2.1373038291931152
239,-3.166496925777196e-11,1.8030404946856038e-09,-3.397087812423706
240,1.1920929521291868e-10,1.1675292954649308e-09,-0.656712532043457
241,-5.88479431851141e-10,1.8869759088602223e-09,-1.9423311948776245
242,-4.528556141192297e-10,-7.077586072767872e-09,-2.3481435775756836
243,-1.590698905928889e-09,1.9414583274368624e-09,0.018977930769324303
244,-1.3983808555551036e-09,-4.396424613251071e-10,-0.9574388861656189
245,-6.09550632191258e-10,8.042552734899289e-10,-1.771731972694397
246,-2.5536865955189114e-09,-8.291099473645147e-10,-0.7903807759284973
247,3.073364479577734e-11,-7.189810413699149e-10,-0.8779465556144714
248,-5.234032651735276e-10,1.8270802648601148e-09,-1.1962298154830933
249,7.674098023713327e-10,-2.8009525809835623e-09,-0.23048841953277588
250,5.606561881421612e-10,-5.968613603357653e-09,-3.1023290157318115
251,7.823109382520954e-10,9.024515579270087e-10,-2.2361698150634766
252,2.067536142291715e-10,6.529735641080947e-10,3.028379440307617
253,1.5646219042597664e-10,1.5890691540398905e-10,-3.2484612464904785
254,-2.3357569212123508e-09,-9.621726748676451e-10,0.6637914180755615
255,7.078051339481917e-11,-1.2083910538862597e-09,-0.38647788763046265
256,-1.5085097615497034e-09,1.3775425244944017e-09,-2.6785130500793457
257,1.9787111948943448e-09,4.223547733772648e-09,-2.7830564975738525
258,1.2172386432141025e-09,-1.5762634530958053e-09,-1.2294197082519531
259,-9.42032785111735e-10,-9.855720684015523e-10,0.19415703415870667
260,2.5704502415457853e-10,-9.728828853639016e-10,-2.0073585510253906
261,4.833098365963906e-09,2.0116568133499158e-10,6.255292892456055
262,-1.3969838619232178e-09,-1.3777753382626656e-09,0.33883577585220337
263,-1.4342367571362757e-10,-1.731619736489165e-09,-2.3437113761901855
264,-4.169531386821745e-09,-4.1944439588270654e-10,0.4856979250907898
265,-2.447050062581724e-10,-3.1769742392384615e-10,-2.60969877243042
266,1.490116086078075e-10,-6.705522248573459e-11,0.43117645382881165
267,-5.024485272286938e-10,-2.102227947275992e-09,0.5084799528121948
268,1.050531883706185e-09,-4.761386840357318e-10,-4.035279273986816
269,-5.4202975441342e-10,9.76724590096012e-10,-2.3544089794158936
270,-4.1211023482645714e-10,4.1996828237245154e-10,-2.1269941329956055
271,-6.798654972328677e-10,-4.398636566094183e-09,-2.916682243347168
272,1.0610092804341775e-09,3.3986289338372444e-09,3.2249810695648193
273,4.7497450417210985e-11,2.418411915172669e-09,1.3515651226043701
274,1.4596153175006066e-09,-6.87432472057381e-11,-0.1987687349319458
275,-3.0263327399637774e-09,-2.654269248836272e-09,0.362885057926178
276,-1.9939616624498058e-09,1.7193378942792492e-09,-2.2797460556030273
277,6.648478989568218e-10,-1.0137446437852304e-09,1.5734951496124268
278,-1.1436641633721933e-09,3.0496156711024014e-09,-1.0791712999343872
279,-1.3858080238904336e-09,1.0395888594416647e-09,3.070558547973633
280,1.0454095367151695e-09,1.745123934249193e-09,-1.103788137435913
281,-7.580965855069621e-10,6.118789364073507e-10,0.9640893936157227
282,2.1927990534464925e-09,6.7092478239771935e-09,0.05398222804069519
283,1.8969877058072626e-10,8.169445120387309e-10,-0.4139068126678467
284,-2.9179500482534593e-10,4.3684850181691104e-10,-0.4614429473876953
285,6.277114383834714e-10,2.745597083020357e-09,0.26930636167526245
286,-4.5634807044336867e-10,-2.548564248527896e-09,-2.172966241836548
287,3.3527611242867295e-11,-2.365792228786745e-09,-3.1294589042663574
288,-3.799796033376879e-10,1.6577541561701992e-09,-2.4576303958892822
289,5.9604643443123e-10,-1.4251563262845934e-09,3.9851269721984863
290,-2.2351741291171123e-10,3.428198391830506e-09,-0.8910844326019287
291,-2.747401472991129e-10,-1.0107178427531949e-09,-2.129366159439087
292,-4.689209021080387e-10,-4.2313477166544544e-09,0.9574943780899048
293,-1.423992257443274e-09,-2.7393689538968147e-09,5.84937858581543
294,4.866160599470426e-11,4.859175284366302e-10,-0.33626610040664673
295,-8.922070304784313e-10,3.371387613526622e-09,-1.9209855794906616
296,-8.081551539085297e-10,-3.847759000308315e-09,1.3711594343185425
297,2.738088367149061e-10,-3.4985132568721156e-09,-0.12383325397968292
298,7.227063392178934e-10,-7.433118121014104e-09,0.7942866683006287
299,-9.196810535350153e-10,4.1816383689052827e-10,1.1092222929000854
300,-1.4128163083881873e-09,1.0938383532277385e-09,-3.849637508392334
301,-6.62868815393125e-10,-2.2524617726560336e-09,-0.14728625118732452
302,-3.6344863230119984e-10,-2.736225690469496e-09,-3.8722829818725586
303,-1.5110708240229087e-09,-9.403448020250949e-10,-4.3748321533203125
304,-1.894310042160896e-09,-2.489076056377826e-09,-2.6332828998565674
305,-3.520399249890005e-10,-4.036119216621614e-10,-2.0111072063446045
306,-7.348134878348844e-10,-1.314096165216938e-09,-1.1007401943206787
307,1.6165431215853232e-09,-1.6626435783706484e-09,0.10997024178504944
308,1.5618280002627216e-09,4.866160252525731e-10,-2.629577159881592
309,-1.334119592577565e-09,7.965136328280664e-10,2.4738588333129883
310,2.901069939831302e-10,-3.4570692974966732e-09,-1.88736093044281
311,3.753229949055026e-10,2.445187385902159e-09,-2.0923590660095215
312,8.568167841893626e-10,-1.5774276329594272e-09,0.8072361350059509
313,-1.2773089252959835e-09,2.1385494763936919e-10,-2.1373488903045654
314,1.0058284066749579e-10,2.529821463426174e-09,2.967794895172119
315,-1.9974542020406716e-09,-1.9413419760638817e-09,0.7503997683525085
316,-5.727633922703035e-10,-2.5299378147991547e-09,-3.80989408493042
317,-9.177019699713185e-10,-3.889668587220285e-09,-1.6469687223434448
318,1.0114162840579866e-09,-1.6284175119452016e-09,-4.669894695281982
319,3.3504330421152417e-09,5.610636399921987e-10,-3.8446950912475586
320,4.856847146683663e-10,-8.284114505485718e-10,0.9715625643730164
321,5.709007155907386e-10,2.2270250921163637e-10,-1.2831690311431885
322,1.766136792369366e-09,2.2375025443555074e-10,0.8244984745979309
323,1.4454126784357868e-09,5.834736027665599e-10,-3.255509853363037
324,1.118052761484023e-09,-1.0068761380210844e-09,2.095482110977173
325,8.740462242862179e-10,-6.294576526677531e-10,-1.8845527172088623
326,-2.76369971352608e-09,-4.525645691533242e-10,-2.817373037338257
327,-1.4193356490110887e-09,-5.888868837011785e-10,-3.92958664894104
328,2.0023436242411208e-09,-2.500601115063006e-10,2.606814384460449
329,5.215406578829018e-11,7.003545521300225e-10,1.8642300367355347
330,1.4798715586294975e-09,1.4381367208216034e-09,-1.1793028116226196
331,-9.238719789195216e-10,-1.948443184573989e-09,-4.171704292297363
332,-3.380700996924446e-10,-1.6214326548080749e-09,0.5888943672180176
333,7.264316231880841e-11,-1.3667159071140134e-10,2.00349760055542
334,-5.159527249887219e-10,-2.901419104972547e-09,-0.47076350450515747
335,1.5832483934996588e-10,-4.0570738435441456e-10,-0.39470967650413513
336,-5.066395081243513e-10,-9.406358331132125e-11,-1.9259577989578247
337,1.6330741203773869e-09,-9.54256340612858e-10,-1.6282908916473389
338,8.990755362425773e-10,3.34007199676023e-09,-1.7465037107467651
339,8.139759422043369e-10,8.041970422922873e-10,-1.1172075271606445
340,-5.61587498726368e-10,4.13507228458343e-10,-1.3142484426498413
341,-6.733462121211176e-10,1.957989326228926e-09,-0.6680338978767395
342,1.6530975199824383e-10,-7.967464465963303e-10,-3.1420865058898926
343,6.677582931047255e-10,-1.5475088988026187e-09,-2.379087209701538
344,2.793967834868738e-10,5.037291139764477e-10,-0.7015445828437805
345,1.5799886954326325e-09,2.254731956696787e-09,6.355362892150879
346,1.583248462888598e-11,1.1986120984630588e-09,-3.494593620300293
347,-1.2973323526566105e-09,2.6398339070254906e-09,-1.1987879276275635
348,-1.6763805621433647e-11,1.6338890240774617e-09,-0.2159719318151474
349,9.168870662712436e-10,6.558839027448471e-10,0.34823670983314514
350,8.568167841893626e-10,-7.706694171716322e-10,0.6787616610527039
351,4.264293362865601e-10,-1.138425465008197e-09,-0.46445292234420776
352,-2.0908191844526414e-10,4.52651888194211e-10,-1.0818496942520142
353,2.9709190663140816e-10,3.545428672868667e-10,1.3988196849822998
354,1.7918646566528196e-09,1.8556602088271035e-10,0.8729895353317261
355,-1.8598511619671854e-09,-1.4752149501973122e-09,1.340076208114624
356,1.2014060857268305e-09,-1.8674182200584255e-09,0.17740827798843384
357,1.1269003091785024e-10,-2.438202528765032e-09,1.3845994472503662
358,2.7939677481325642e-12,1.6624107646023845e-09,0.8043190836906433
359,1.0610092804341775e-09,-7.72532093851197e-10,-2.7742159366607666
360,7.823109521298832e-11,1.979060526569043e-10,1.1315871477127075
361,1.0477378964424133e-09,9.536743617033494e-10,-0.6374539136886597
362,6.891787140972383e-10,-3.2817479289626306e-10,-2.4598958492279053
363,2.2042077052475406e-09,3.586756169848826e-10,-0.6304802894592285
364,-1.0441290054785668e-09,1.574691821382146e-09,1.1817097663879395
365,4.93600937900851e-10,5.29619859079844e-09,-0.4027082920074463
366,-2.2058375126476903e-09,5.41098388318062e-10,-4.276767730712891
367,-2.486398420487035e-09,2.1532178262617663e-09,1.2672864198684692
368,-1.3597309944657354e-09,3.437744533485443e-09,0.8729047775268555
369,-1.7764978377243779e-10,4.569999934034286e-09,-2.1810288429260254
370,-4.451721768994332e-10,1.423992257443274e-09,-2.007662296295166
371,1.3662502240663343e-09,-7.549533775907946e-10,-2.1390774250030518
372,3.18512327623921e-10,-8.768402115499896e-10,-4.842589378356934
373,5.606561881421612e-10,-3.4773256496478666e-10,-2.6909782886505127
374,8.00006116907781e-10,-3.1436793168637678e-09,-2.7848033905029297
375,-7.599592066753758e-10,1.1411029898766856e-09,-0.5004320740699768
376,-1.2572854979353565e-09,-7.506459898110052e-10,-3.2210583686828613
377,-8.784700189501393e-10,3.740540766017375e-09,-2.6970627307891846
378,-1.104548563723995e-09,2.0862789273934368e-09,-2.3920040130615234
379,1.3913958873956744e-09,4.5346095767229144e-09,1.919932246208191
380,-1.876614974527513e-10,-2.581626246112023e-09,-0.8555347919464111
381,2.4372712736919766e-09,1.6510021128013364e-09,-0.6565260887145996
382,9.580981147339074e-11,4.787580054621543e-11,-1.0192539691925049
383,6.682239206412532e-10,2.0219013130429175e-09,-2.2221193313598633
384,-2.738088367149061e-10,-3.551831606607436e-10,2.087782382965088
385,6.471527758122875e-10,2.9449001015535714e-09,-0.5106749534606934
386,1.5655532425995489e-09,7.043127192574161e-11,-3.313483238220215
387,-6.277114383834714e-10,1.4877878096175579e-10,-1.5285639762878418
388,-4.097819306103645e-11,8.287024955144773e-10,0.4600467085838318
389,7.776543298199101e-11,-5.865004037985955e-10,-1.8199907541275024
390,-3.6042183126916427e-10,-9.239883858036535e-10,-1.050275206565857
391,-7.490161824108554e-10,3.6315758733529435e-10,-0.9533344507217407
392,-1.6577542116813504e-10,-5.275942460691851e-10,-0.15909196436405182
393,1.3120007302802605e-09,-1.4528631631094413e-09,-2.994723320007324
394,4.041939838383968e-10,-1.6115373480118933e-09,-2.841106414794922
395,1.8626452377018543e-12,1.3899988937637886e-09,-1.4558755159378052
396,4.45684422700765e-09,-8.144415697408647e-10,-7.2709150314331055
397,-1.5883706572239475e-09,-1.3628159711842613e-09,-2.4044175148010254
398,1.7946586439165912e-09,-5.235197275688108e-10,3.9701452255249023
399,-1.643784275362492e-10,-5.31843402651333e-10,-3.2823572158813477
400,8.840579379665314e-10,-5.535548408541757e-11,-3.435044050216675
401,7.299240656344352e-10,-7.417984559943136e-10,-2.9271955490112305
402,1.0151416374171163e-09,-2.115150055104209e-09,-1.067442536354065
403,2.2083986028764713e-10,2.430286194510245e-09,-1.9591675996780396
404,-3.2433308816415263e-10,2.852175440271054e-10,1.7449853420257568
405,-3.706663864733173e-10,4.219706362107445e-09,-0.006148384418338537
406,-2.1385494763936919e-10,1.2002419891299354e-10,2.1056618690490723
407,9.243376897227762e-11,9.296345360176872e-10,0.9293187260627747
408,-6.183981660079496e-10,-1.3662502240663343e-09,-0.7213473916053772
409,7.72997707509937e-11,-1.0976218822733586e-09,0.8990478515625
410,4.88944345081177e-12,-2.2107560226913847e-09,-0.8959770798683167
411,8.339993695649639e-10,1.7887213932255008e-09,-1.1109195947647095
412,2.458691583662187e-10,-2.3376195423807644e-10,-2.327305793762207
413,6.058253343432796e-10,-4.2282044532271357e-10,-0.05212884396314621
414,1.003267247057238e-09,-1.071137400998623e-09,-2.1949350833892822
415,6.617046910406543e-10,-1.5594996405354777e-09,-2.2681047916412354
416,-1.1925586074212902e-09,1.7631100746040573e-10,-2.222787857055664
417,2.8638169613515174e-10,-3.8300640436972344e-11,-0.4661237895488739
418,-3.6507843970134957e-10,4.6251807939157175e-10,0.4207545220851898
419,-2.0978041526120705e-10,5.032634309287687e-09,2.0726964473724365
420,-1.3301614254501715e-09,2.1599699806529316e-09,-2.7488386631011963
421,-5.541369585415623e-10,3.5446137136574407e-09,1.6719311475753784
422,-4.2875764050265275e-10,-3.2084063184001366e-10,-0.9345924258232117
423,-4.2854808590675475e-09,6.249174511196998e-10,-4.631343841552734
424,1.369044211330106e-09,2.8847717548075025e-09,1.7189966440200806
425,-3.0789524263497015e-09,2.038199387044415e-09,-0.32939401268959045
426,-8.509959958935553e-10,-5.4519624370641395e-09,-2.755326986312866
427,-4.2340253525452454e-10,-1.2728269549455717e-09,-1.285907506942749
428,1.2712553232319124e-09,-2.7158530979676243e-09,-1.3749668598175049
429,-1.1241063635480941e-09,-1.6749835962670545e-09,5.849869251251221
430,1.3145617927534659e-09,-3.4896656675442728e-09,-1.4042580127716064
431,1.612585065480232e-09,2.8579961314223468e-11,-3.675137519836426
432,8.391216610448282e-10,1.0619405355072331e-09,-0.26212170720100403
433,-4.1688327789835e-10,4.54019766227276e-10,-0.2256922721862793
434,-9.313225884932663e-11,-1.6290577775635029e-09,3.4036598205566406
435,-9.257346555990864e-10,3.199675246978728e-10,2.9152274131774902
436,-1.0430813157658037e-10,1.1082739170831246e-09,-0.8649647831916809
437,1.6752165210576209e-09,-5.1994573091462826e-09,-2.644636869430542
438,-6.26256213553944e-10,-1.6065314009661158e-11,-2.1158769130706787
439,4.433095557310196e-10,-2.0379666842984534e-09,1.7970890998840332
440,8.172355570046363e-10,-2.556480582782683e-10,-1.4764211177825928
441,-6.798654694772921e-11,-9.522773541936758e-11,0.313822865486145
442,-1.4225952360558125e-10,-1.9262078598814014e-09,-0.3113507926464081
443,-1.2163072771187444e-09,-1.954613276788919e-10,-0.43430474400520325
444,-1.154839973649402e-10,-1.883599942686942e-09,-2.6873421669006348
445,-5.983747386473226e-10,-7.606577034913187e-10,-2.9869816303253174
446,-5.9604643443123e-10,-1.04214992191487e-09,1.9563878774642944
447,1.1262017984847716e-09,-3.0451337007519896e-09,1.5693737268447876
448,-1.002103067193616e-09,-2.496497453208235e-09,-1.3239222764968872
449,-1.7052516065874102e-09,1.6263219937417972e-10,3.178619146347046
450,-7.264315815547207e-10,-4.125176866764946e-10,-0.7952274084091187
451,-3.725290215195187e-11,-7.562339088273973e-10,0.1233891099691391
452,-1.6547273551381636e-09,-1.0197982458493016e-09,0.45131850242614746
453,1.110602165788066e-09,-8.977367738083331e-10,-3.5531375408172607
454,-3.4086405920064067e-10,-2.8691720110884944e-09,-0.3425392508506775
455,-2.5562476579921167e-09,-6.179907141579122e-10,-4.017202377319336
456,2.0489096530518225e-10,3.5017727606501126e-10,0.21144655346870422
457,5.61587498726368e-10,1.1195661064888895e-09,-2.4658796787261963
458,9.313225884932663e-11,6.989576140092879e-10,-3.3605027198791504
459,7.580965855069621e-10,-1.1563533464098441e-09,-1.4553344249725342
460,-1.057982479402142e-09,-1.4603137588053983e-09,-1.2083557844161987
461,-4.852190871318385e-10,9.103678366706447e-10,-3.616309642791748
462,-8.209608548526148e-10,1.350417694334638e-10,2.897433042526245
463,-6.612390079929753e-10,-7.713097383010847e-10,-1.5383862257003784
464,1.0994263277552818e-09,-4.00614208473371e-09,-3.8122825622558594
465,-5.606561881421612e-10,-9.899958630654737e-10,-1.9666510820388794
466,-1.2852251485284683e-09,-6.84522105665053e-10,-1.904375672340393
467,2.168235369026661e-09,-1.3597309389545842e-10,-0.4390127956867218
468,-1.907348723406699e-09,2.221204331576132e-10,-0.8164323568344116
469,2.6263297092654625e-10,1.4752149501973122e-09,2.9189515113830566
470,-6.337649849363913e-10,-2.770102591753698e-09,-1.3375294208526611
471,7.185153583222359e-10,8.305068854852493e-10,-0.3936132788658142
472,7.497146653490105e-11,-4.6472997672353245e-10,-2.3820371627807617
473,-1.639127722441458e-10,3.503751955236112e-09,0.6367242932319641
474,-1.6968697558183976e-09,-4.838220934999526e-10,0.1801995038986206
475,3.4086405920064067e-10,2.3196335963149295e-09,-4.0187859535217285
476,-1.5320256174788938e-10,1.8929131595513127e-09,-0.6918962001800537
477,1.9627623137896677e-10,-7.24568960386307e-10,-3.5700104236602783
478,-1.5143305498455106e-09,-5.524605661832993e-09,-0.39787739515304565
479,-1.0468065303470553e-09,-2.1737069921812235e-09,0.2604491710662842
480,2.2724271075968971e-10,-2.955901523549187e-09,-0.429120808839798
481,2.2854655945536706e-09,1.8109567179180885e-09,-2.4425864219665527
482,-6.216578363194003e-10,-2.3697503959141386e-09,1.7409831285476685
483,6.994232415458157e-10,-3.715220353583959e-09,-0.5004512071609497
484,-2.558808720465322e-09,1.214968459173349e-09,-2.5803568363189697
485,7.012859182253806e-10,3.073364618355612e-10,1.7957085371017456
486,-5.066395081243513e-10,-4.459871083550837e-10,1.512406587600708
487,-6.519257911286047e-10,9.774230314008037e-10,4.210637092590332
488,4.861503977160453e-10,-5.248002588054135e-10,-1.4930797815322876
489,3.0547381291157194e-10,7.660128087394469e-11,1.5718616247177124
490,-5.881302111987452e-10,-7.599592066753758e-10,-1.4605486392974854
491,1.2079254263497319e-09,3.3702235446853024e-10,1.062482476234436
492,-9.182840599031294e-10,-1.7229467852430957e-09,-1.0332142114639282
493,-1.3560056411066057e-09,-8.931383410626381e-10,-0.8343731760978699
494,2.994202108475008e-10,-5.228212307528679e-10,-2.2533986568450928
495,-3.0898954506142218e-09,-3.5408884713206135e-09,-4.036664009094238
496,-1.0263174754499005e-09,1.5473924364073355e-09,-1.001928448677063
497,9.047798621431014e-10,-6.021000586997616e-09,-0.344321608543396
498,-1.0393560456734008e-09,-2.973683965734608e-09,-0.2689588665962219
499,3.1595117633287373e-09,7.71484320871707e-10,-3.0604872703552246
500,-7.769558330039672e-10,-8.445931454215128e-11,-2.7355880737304688
501,1.2852251207728926e-10,4.153698773823322e-10,-1.022691011428833
502,7.338821772506776e-10,1.361826429402413e-09,-2.1261281967163086
503,7.227063392178934e-10,-1.9264407846719678e-09,2.52527117729187
504,-8.726492306543321e-10,-1.096865154259774e-09,-0.4874895215034485
505,0.0,-1.0989606447076028e-10,1.4612014293670654
506,-1.5276018228149724e-09,-5.115754930784533e-09,-1.8144620656967163
507,-7.636845322789299e-11,-3.390014269299968e-09,-2.153782367706299
508,1.4794059310929697e-09,-8.911593130100925e-10,-2.5947532653808594
509,-1.4388933100573098e-10,1.4470424858359365e-10,2.8530936241149902
510,7.329508666664708e-10,9.895302459372868e-12,-5.491347312927246
511,2.5555491056650226e-09,-6.482004932806262e-10,-5.153365135192871
512,1.6810371983311256e-09,2.5101472012067916e-09,-0.8400565981864929
513,-4.782341189724093e-10,5.224719545893208e-10,-3.7822399139404297
514,-9.75793224000654e-10,3.767199885373884e-09,-1.4406707286834717
515,-9.499490083442197e-11,-3.045424745717895e-10,-0.37068063020706177
516,1.2246892389100594e-09,6.594346180222033e-10,-3.656435966491699
517,-4.284083920946813e-10,-1.578824626591313e-09,-0.6934115886688232
518,-1.5599652680720055e-09,-1.416308847979053e-09,3.7442879676818848
519,7.823109521298832e-11,-1.1362135537984486e-10,0.11749646812677383
520,-2.0582228976717687e-10,-1.4724209629335405e-09,-0.7455224990844727
521,-2.358574446859052e-10,-1.714099195915253e-09,-2.216325044631958
522,-1.7164275556424968e-09,1.9738217726938956e-09,1.2658988237380981
523,-9.005889367585951e-10,1.4971009987263528e-09,-3.376591682434082
524,1.0023358809618799e-09,2.941465959693801e-09,0.2669316232204437
525,-1.39651823438669e-09,1.994194531729221e-10,0.8529245257377625
526,-1.5809201170391418e-10,-2.4717301538856873e-09,-1.7058916091918945
527,-1.6996637430821693e-09,-1.6073463671162358e-09,0.846906840801239
528,2.4149193755818033e-09,7.404014623624278e-10,-2.4599783420562744
529,3.427267081246299e-10,3.8743019903364484e-10,-3.071937322616577
530,-3.5390256697409583e-11,3.274064575009561e-09,0.6023127436637878
531,1.0142102713217582e-09,-2.945191202030628e-09,-3.0775694847106934
532,-1.3294629841453798e-09,-1.0423828467054364e-09,-1.7540819644927979
533,-9.229406683353147e-10,3.679888338492532e-10,-1.2694900035858154
534,-7.688067960032186e-10,-1.172767993828927e-09,-2.0314524173736572
535,-1.4528632463761681e-10,2.7348288078599126e-09,1.7868740558624268
536,-5.662441071585533e-10,-2.2896564644270256e-09,-0.36346906423568726
537,1.6165431215853232e-09,5.0800155193542196e-09,-1.974374532699585
538,1.3746320748353469e-09,4.362198602336775e-09,4.000699043273926
539,7.65779994971183e-10,3.444729501644872e-10,1.9522656202316284
540,-7.255002709705138e-10,-1.9228318937081212e-09,-3.791128396987915
541,-2.7241184308302024e-10,-3.157649253182626e-09,-1.2200690507888794
542,-1.7355196169077658e-09,3.765337375227773e-09,-0.1412033885717392
543,6.235204574878139e-10,-2.489425332541373e-09,-0.1324559897184372
544,5.364417798858767e-10,-2.300599488691546e-09,0.5446380972862244
545,-1.902692003952211e-09,-5.147885451251e-10,0.29681313037872314
546,-1.00780739309414e-09,-8.012866481443837e-10,-3.224138021469116
547,8.051283528764941e-10,-2.4819746258231135e-10,-2.805443048477173
548,-2.7194618779091684e-10,1.5227124006145232e-09,-0.17198599874973297
549,-1.002103067193616e-09,-1.112348435583499e-09,2.007863998413086
550,-2.4971086309832913e-10,8.804491025138361e-10,-0.05059833079576492
551,-4.9406662094853e-10,-4.34624958245422e-09,0.5471190810203552
552,-1.8188729411505733e-09,1.6782433220896564e-09,-2.464641809463501
553,2.8125940465528743e-10,-2.9860530714742595e-10,1.4242680072784424
554,-1.9183208355144643e-09,2.651941166664784e-10,-2.2631473541259766
555,-8.521601480016017e-11,3.075692756038251e-10,1.7359459400177002
556,-7.632188769868264e-10,3.7904829275348106e-10,-2.6252760887145996
557,5.252659418530925e-10,-1.8381979272064086e-09,-2.7703001499176025
558,5.150213588933639e-10,2.6379712303459257e-10,2.337380886077881
559,-2.3725443831779103e-10,-2.482905880896169e-09,-1.2367533445358276
560,2.3003667026788577e-10,2.0423323032758844e-09,-1.690352201461792
561,5.131587377249502e-10,-8.405185991655628e-10,3.4312596321105957
562,-9.816140122964612e-10,7.449416639104811e-10,-0.4279179871082306
563,-5.22006327052793e-10,-2.02481165167967e-09,-1.3307888507843018
564,-5.401670777338552e-10,-1.68010594325807e-09,-0.41298431158065796
565,-3.669410886253388e-10,-3.774417667301577e-09,0.40824902057647705
566,5.997717322792084e-10,-1.408508976119549e-09,1.9934685230255127
567,-2.5550834781284948e-09,-7.417984559943136e-10,5.619475364685059
568,-1.3842945678632645e-09,-2.3841859042583735e-10,1.704472541809082
569,-2.024695300306689e-09,7.25034643433986e-10,-6.933746337890625
570,-2.1230661673143914e-09,-3.480818133727581e-10,-2.266812801361084
571,2.2398308208160245e-10,-1.1563533464098441e-09,-0.6278555393218994
572,-4.4237821739123717e-10,2.1156738583272272e-09,-1.2878050804138184
573,-4.742760073561669e-10,-5.126348789907809e-10,-2.0531649589538574
574,7.729977213877248e-10,5.17221643292487e-09,1.5281856060028076
575,-1.7082784076194457e-09,2.9435904824737236e-09,0.652267336845398
576,1.6032718486158615e-09,6.813206665512439e-10,-3.3012893199920654
577,-6.691552867366113e-10,-2.1117739501530508e-10,0.8897525668144226
578,5.734618890862464e-10,1.0781222581357497e-09,-3.2061543464660645
579,-3.329478082125803e-10,2.4796462660958696e-09,3.810737133026123
580,-1.4156102678963833e-10,-5.923211365832515e-10,0.980022668838501
581,7.974449434122732e-10,3.539316839606954e-09,-2.6149985790252686
582,-8.19563861220729e-10,-1.7080455938511818e-09,-0.12024064362049103
583,-2.031680157443816e-09,6.477348657440984e-10,-0.8500171303749084
584,-7.878989127796387e-10,2.591346914826431e-09,-2.067777633666992
585,-4.0943268220239304e-10,-3.4258118564167717e-10,-2.589327335357666
586,9.685754420729609e-10,-1.158099616205277e-09,-1.3277356624603271
587,8.996576261743883e-10,-3.88710752474708e-09,2.24525785446167
588,-9.266659661832932e-10,-2.713641256146815e-10,-2.803818941116333
589,-6.803311247693955e-10,2.5602058251195103e-09,3.7715463638305664
590,1.5757978255592775e-09,2.879533000932355e-10,-1.8820149898529053
591,-4.0722078487043234e-10,-1.4247197865913108e-09,-0.6831541061401367
592,1.0803341554677104e-09,-2.8323848821898423e-10,2.4385995864868164
593,-2.5331975406217566e-10,2.864398995772177e-10,2.7980992794036865
594,-7.010530489459654e-10,1.3196841397444814e-09,-2.938697576522827
595,-4.3213366218708416e-10,-5.634501754059329e-10,-1.7322207689285278
596,1.4849937945982106e-09,5.871989006145384e-10,0.24881543219089508
597,-2.0600854355734555e-09,1.6135164038200145e-10,0.6421292424201965
598,-8.614733926215479e-11,9.431969649753569e-10,-0.5969547629356384
599,-1.835171126174373e-09,1.380685676899418e-09,-3.8715293407440186
600,-2.2305175761960783e-10,-8.076895263720019e-10,-2.4781486988067627
601,8.218921654368216e-10,1.6385456880207983e-10,0.6510258913040161
602,5.844048855951911e-11,-9.731738748186558e-10,-1.6196987628936768
603,1.3620592154151012e-10,-2.1299346730785373e-09,-2.1004369258880615
604,8.998904399426522e-10,1.4201505527111635e-09,2.721008062362671
605,-5.865004037985955e-10,-9.85281078946798e-10,-0.72014981508255
606,-1.5646219042597664e-10,-3.0547381291157194e-10,-1.279419183731079
607,-7.138587498900506e-10,-9.065261319385343e-10,-2.4843380451202393
608,-5.532055924462043e-10,-1.6205012887127168e-09,-2.841205358505249
609,6.773043237373599e-10,-1.5937257069609245e-09,-3.957022190093994
610,2.0116568133499158e-10,-1.8202699347824591e-09,-3.5014524459838867
611,1.0139774575534943e-09,-2.892222239481157e-09,1.4023268222808838
612,-5.532055924462043e-10,-1.8064747475676768e-09,2.5091826915740967
613,-6.407499530958205e-10,-1.2591481191037701e-09,-2.667613983154297
614,-2.173474067390657e-09,2.8272624241765243e-09,-2.5155351161956787
615,1.443084318708543e-09,-2.2235326427311186e-11,6.491499423980713
616,3.1152740387341282e-09,6.289221143873647e-09,-3.4910666942596436
617,1.4635733736056977e-09,1.043663377942039e-09,-2.1051948070526123
618,-4.190951474747351e-10,-5.033798378129006e-10,-0.5559114217758179
619,-4.249159357705423e-10,-2.2621242656839513e-09,-0.7068720459938049
620,7.310882454980572e-10,8.014030550285156e-10,-1.5112507343292236
621,-5.452893692137195e-10,-1.0989605891964516e-09,-0.9381998181343079
622,-5.261972454984054e-11,-1.9215513624715186e-09,-4.2019147872924805
623,1.4384277102763576e-09,2.5446060814005023e-09,-2.286823034286499
624,-2.123415471233514e-10,1.0286458351771444e-09,2.453740119934082
625,-2.3213215794015696e-09,8.930801653761478e-10,2.240560293197632
626,1.0514631387792406e-09,-1.2421515205307543e-10,-0.9395918250083923
627,-1.3748649996259132e-09,2.708286039876384e-09,-4.179807186126709
628,-5.997717322792084e-10,1.0610092804341775e-09,-0.097669318318367
629,1.7196871704427963e-09,2.0413426504717336e-10,-3.708414077758789
630,-1.543201455511678e-09,-2.4423933986383872e-09,1.682459831237793
631,3.4854746866486153e-10,2.6567723576675917e-09,-1.8697469234466553
632,1.3830139811155107e-10,-1.3496610495877803e-09,-1.7201249599456787
633,4.5588238739568965e-10,2.7879141217823644e-09,0.3550475835800171
634,-1.6018748549839756e-09,-1.6569392524701243e-09,1.6900291442871094
635,-2.4151523003723696e-09,5.454057760978515e-10,1.5016233921051025
636,2.8219074299506985e-10,-1.495471191326203e-09,-0.9780234098434448
637,1.159496595959375e-10,-9.858049931921187e-10,-1.7723084688186646
638,6.23986140535493e-10,3.8254074907762003e-10,0.7950972318649292
639,3.854278673998124e-09,2.4843030410615086e-10,-1.941628336906433
640,7.962808190598025e-10,-3.6256386781730043e-09,2.621624708175659
641,5.729962060385674e-10,1.062173349275497e-09,-1.5738202333450317
642,-5.401670777338552e-10,-4.828907274045946e-10,0.41422533988952637
643,1.5110708240229087e-09,-7.855123773659045e-10,0.18717767298221588
644,1.3106037366483747e-09,5.837530014929371e-09,-2.7636032104492188
645,-9.424984126482627e-10,-6.803311247693955e-09,1.6574170589447021
646,-4.4703482582342247e-10,-5.587935669737476e-10,-1.7562907934188843
647,-4.1164457953435374e-10,2.674059862428635e-09,4.322474479675293
648,8.686911190380897e-10,-3.3914111519095513e-09,-2.198870897293091
649,6.607733804564475e-10,-1.115200598533761e-09,0.987746000289917
650,5.359761523493489e-10,1.9586877952892934e-10,-2.3818113803863525
651,1.0132790162487026e-09,-2.6926863516685273e-10,0.7096645832061768
652,-1.6500707467059783e-09,1.6523991064332222e-09,5.752854347229004
653,-4.768371808516747e-10,1.6157282178852483e-09,-1.835683822631836
654,-1.4337711018441723e-09,1.0796357141629187e-09,-5.7965569496154785
655,-1.3886020111542052e-09,3.8109719824319654e-09,-2.7520089149475098
656,-1.2675299698727827e-09,-1.2808013538645469e-09,-2.4388415813446045
657,-2.386048469915636e-09,-2.516899355597957e-09,-0.4151407480239868
658,8.39587288581356e-10,-2.613291139041962e-09,-2.1062583923339844
659,-3.1422824342541844e-09,1.3941898746594461e-09,3.69401216506958
660,-1.2551899519763765e-09,-8.966308251423527e-10,-2.526118516921997
661,-1.4025718364507611e-09,-2.3106112578830107e-09,3.607463836669922
662,-1.0523945048745986e-09,9.285285873517068e-10,0.8360052108764648
663,-9.760260377689178e-10,-8.012284724578933e-10,-1.5949238538742065
664,1.0263174754499005e-09,-1.0587973831022168e-09,-0.41732165217399597
665,-5.820766091346741e-10,1.002103067193616e-09,-0.4366976320743561
666,4.731118830036962e-10,7.24103277338628e-11,4.466928958892822
667,-1.3266689968816081e-09,-2.4121253883180316e-09,-0.5004922151565552
668,7.532071077953617e-10,-1.864507881421673e-09,1.082544207572937
669,8.754432179181038e-10,-2.073589744355786e-09,0.24461431801319122
670,3.073364618355612e-10,1.0151416374171163e-09,-0.09231573343276978
671,1.4870893405571906e-09,1.814041805658917e-09,-1.9467153549194336
672,-9.676441869999053e-10,6.223563331353432e-10,0.2825588583946228
673,-1.3317913438726237e-10,-8.498318715410846e-10,-0.819308876991272
674,7.72997707509937e-11,-8.248607352712156e-10,0.03873080387711525
675,5.138572345408932e-10,1.0619987528270869e-10,2.1505846977233887
676,1.624226531049544e-09,1.2357486145475605e-09,-0.8520264625549316
677,-2.1157320340137176e-09,-3.245600899148826e-09,-2.8583807945251465
678,-2.3283064365386963e-09,6.149988518444616e-09,-3.3127248287200928
679,1.8589199068941298e-09,1.6218982823446026e-09,-2.346554756164551
680,1.9371509951682242e-10,-3.592576902633482e-09,-2.750997304916382
681,1.3369135798413367e-09,5.226116428502792e-09,-0.3787550628185272
682,6.784685036009819e-10,1.1881348127573688e-09,-2.209322214126587
683,-1.2144446559503308e-09,-2.293381928808458e-09,0.6058522462844849
684,1.6205012887127168e-09,1.573876917682071e-09,-2.7716352939605713
685,-6.603076974087685e-10,-5.6987627949922626e-09,-2.0907859802246094
686,8.349306801491707e-10,6.175250866213844e-10,3.5414395332336426
687,-1.0000076322569385e-09,-1.5576370748782153e-10,-3.648698329925537
688,2.980232380322967e-11,1.1995434645584169e-09,-2.4539809226989746
689,-9.702052494731106e-10,3.6635902644910345e-10,-1.3512041568756104
690,3.864988537549685e-11,7.449707517537263e-10,-1.2861372232437134
691,-2.5387854041269975e-09,-3.725290215195187e-11,-4.754968643188477
692,1.989304942995318e-09,-1.2367963320158992e-09,-1.7935206890106201
693,-1.4202669595952955e-10,-2.527376641303647e-10,-2.385042667388916
694,1.5962868804564323e-09,9.979703730067513e-10,-0.6478485465049744
695,-1.1520460141412059e-09,3.781402302394099e-09,-2.444584369659424
696,-3.460561837087539e-09,1.090578738427439e-09,-3.44911789894104
697,5.587935322792781e-11,1.327483900581683e-09,4.227951526641846
698,-1.3639218643390905e-09,2.30129804101864e-09,-0.4877832233905792
699,1.265900162472633e-09,-5.107140266247256e-10,-0.643081784248352
700,1.4645047674566314e-10,5.572801664577298e-10,-3.03749418258667
701,-5.792826218709024e-10,3.1339004724628694e-09,0.30008819699287415
702,6.053596512956005e-11,2.737506332728401e-10,-1.5752215385437012
703,9.038485515588945e-10,1.0525109672698818e-09,-2.6267430782318115
704,-6.612390079929753e-10,1.8905847720684932e-10,-0.7518657445907593
705,2.887099934123505e-11,-4.592817237636382e-09,-1.392898440361023
706,-4.768371808516747e-10,1.8409919144701803e-09,-1.862061619758606
707,7.24568960386307e-10,2.3499597823217755e-09,-1.4236881732940674
708,4.842877210364804e-10,-2.0929147304116213e-09,-4.662405490875244
709,-2.449378477820119e-10,-1.7371494243079155e-09,-3.33542537689209
710,3.4528785386456207e-10,2.0798760491658186e-09,-1.0230313539505005
711,-2.142041925778937e-11,1.6768463284577706e-09,-2.2489278316497803
712,-3.892928479576341e-10,1.7008278119234888e-10,1.4696972370147705
713,1.0035000608255018e-10,-6.360933446636352e-10,-2.2066433429718018
714,-1.4901161901614834e-11,-1.1852826498071067e-09,0.24531356990337372
715,3.336463050285232e-10,-1.2819655337281688e-09,-2.901672124862671
716,-8.614733926215479e-10,-7.776543298199101e-10,-0.2664741277694702
717,6.109476258231439e-10,4.679895915238319e-10,1.6299083232879639
718,1.8440186877466402e-10,1.9771977388671758e-09,4.5705180168151855
719,-1.0910443659639668e-09,-2.353917727404564e-09,-2.8522262573242188
720,1.0002404460252023e-09,-1.3941898746594461e-09,-2.0693583488464355
721,-1.6251579249004777e-10,-1.0227376723292991e-09,-1.7538416385650635
722,-8.866191114620392e-10,-2.5371555967268478e-09,-1.0782490968704224
723,1.5879050296874198e-09,-5.69620184354136e-10,0.247480571269989
724,-4.06056632762386e-10,2.3893662604024257e-09,0.7197262048721313
725,2.0153820834423186e-09,3.107532453583417e-09,-3.206160068511963
726,-4.13507228458343e-10,3.922032143499621e-10,-0.3896716237068176
727,-9.723007954320906e-10,1.5688710330863387e-09,-3.8111445903778076
728,-1.9180588228806528e-09,-2.9241200572016623e-09,-1.923842430114746
729,-2.9015354563455276e-09,2.795713938130717e-10,-4.272648334503174
730,-1.0528601324111264e-09,-1.2652017211678412e-09,-1.8996232748031616
731,2.604909177250647e-09,-1.6035046623841254e-09,-2.244173526763916
732,1.9487925162486874e-10,2.474524141149459e-09,-4.804598808288574
733,-9.87201875801702e-10,1.8137797930251054e-09,1.2934503555297852
734,1.639127722441458e-10,-1.2229429691146265e-09,-1.1440563201904297
735,-2.458691583662187e-10,2.5662594271835815e-09,-3.898261070251465
736,1.6335397479139147e-09,-2.989545555553974e-10,-2.95642352104187
737,-9.90461601624304e-10,-2.1691666240997165e-09,-0.12956908345222473
738,-2.2805761723532214e-09,1.674052341193999e-09,5.098796367645264
739,3.3401883481332106e-09,-4.640780204567818e-09,-3.111467123031616
740,-1.210719302591201e-10,3.9502046078609965e-09,-1.6262041330337524
741,2.80793749363184e-10,-4.4282058020428394e-09,0.7850653529167175
742,1.0286458351771444e-09,-3.948807669740262e-10,-1.8381136655807495
743,-3.305263840402972e-09,7.415655867148985e-10,-2.4167025089263916
744,6.486661763283053e-10,8.175266019705418e-10,-3.684866189956665
745,-1.0430813157658037e-10,1.9697472541935213e-09,-0.11624500155448914
746,-4.2654574317069205e-10,1.1734664351337187e-09,-1.3830859661102295
747,2.2798776200261273e-09,2.700835388669276e-10,-3.459646224975586
748,1.766020385485234e-10,-4.846951728865179e-10,-1.5959073305130005
749,-1.154839973649402e-10,3.6833808225722464e-10,-3.8810513019561768
750,-5.871989006145384e-10,-3.901659550997749e-10,-1.4435535669326782
751,-7.231719667544212e-10,-4.4034095814105e-10,-1.186405897140503
752,2.9935036671702164e-09,-2.2792374654301284e-09,4.816413879394531
753,3.2968819341228084e-10,-5.9604643443123e-10,1.0036088228225708
754,-2.522720088382613e-10,5.104171751924014e-09,-2.4222075939178467
755,2.3376195423807644e-10,-2.146465671870601e-09,-3.6675727367401123
756,6.016344089587733e-10,8.114147687088291e-10,-0.471902072429657
757,2.4707988988126317e-09,8.213566715653542e-09,-3.261972427368164
758,-7.85337739284131e-10,3.2404204319824714e-10,-1.5322790145874023
759,1.955777380324708e-11,-8.767238046658576e-10,-2.5789473056793213
760,-5.206093334209072e-10,-3.5949052068495746e-10,0.21700534224510193
761,-7.967464465963303e-10,-9.861541583333633e-10,-1.6291790008544922
762,-1.0998919552918096e-09,-6.29806873320149e-10,-1.8558218479156494
763,-3.6787242696512124e-10,-2.0612496154370774e-09,-2.901973247528076
764,1.6950070513832571e-10,2.171262059036394e-09,-2.513016700744629
765,-1.4808028414581287e-10,-2.314336638997716e-10,-0.2560476064682007
766,-1.1874362604302746e-10,1.2567033524923943e-10,-1.0917258262634277
767,-1.654028913833372e-09,-1.403153926382572e-09,-2.5890731811523438
768,-4.447065285462237e-11,6.118789364073507e-10,-0.3885665833950043
769,-4.698522126922455e-10,1.7159618170836666e-10,1.7802765369415283
770,-1.0360963476063745e-10,-8.557690112098726e-10,-1.095632791519165
771,4.4703482582342247e-10,-1.5618280002627216e-09,1.1838926076889038
772,-2.159737055862365e-09,-1.5688128573998483e-09,3.2858705520629883
773,-1.055654119674898e-09,-1.2833625273600546e-09,-2.6367459297180176
774,-4.450557700153013e-10,8.925562511308271e-10,1.356344223022461
775,-1.3603130843975464e-09,6.074551417434293e-10,-0.799418568611145
776,-8.679926222221468e-10,-3.437569784381367e-09,-0.6053692698478699
777,1.0817311490995962e-09,2.0241130993525758e-09,-1.1731613874435425
778,1.4011748428188753e-09,-1.6489648535511492e-09,-2.9925107955932617
779,1.7136335406231495e-10,2.690998313070736e-09,-0.674235463142395
780,-2.0023435687299695e-10,-3.0035152143170762e-09,-2.129554033279419
781,-1.7601996249450025e-10,-1.5494878990995886e-10,-0.8953618407249451
782,3.4607947618781054e-09,8.19563861220729e-10,-3.7362873554229736
783,-5.182810292048146e-10,-8.740462242862179e-10,-1.9194544553756714
784,-8.40052971629035e-10,4.880130188844589e-10,0.3057466149330139
785,4.901085093322877e-10,-1.1150259604519874e-09,-0.5113428831100464
786,-7.478520025472335e-10,-1.3144454413804851e-09,-1.010239839553833
787,4.2747705375489886e-10,2.3667234838598006e-10,-2.528547763824463
788,9.126961408867373e-10,6.627524085089931e-10,4.574767112731934
789,8.838251241982675e-10,1.403153926382572e-09,-1.2817299365997314
790,-7.152557435219364e-10,-3.799796033376879e-10,-2.6247763633728027
791,-9.754439478371069e-10,4.728208380377907e-10,-2.683432102203369
792,-2.2153836543026273e-09,-8.349306801491707e-10,1.9567798376083374
793,7.562339088273973e-10,2.217479089239305e-09,-3.186232089996338
794,1.6074627184892165e-09,-5.128676927590448e-10,3.946826457977295
795,-2.756714856388953e-10,1.876731436922796e-09,-4.223709583282471
796,-5.830079197188809e-10,2.4929176500876338e-09,-1.2559130191802979
797,-1.1548400014049776e-09,5.264300662055632e-10,-1.6017026901245117
798,2.9662625133930476e-10,-1.0876101130818938e-09,-2.812995433807373
799,1.4528632463761681e-10,3.832974382333987e-09,-0.75423264503479
800,2.421438605182402e-09,2.3492612299946813e-09,0.9764529466629028
801,1.7387792317080653e-09,-2.281041799889749e-09,-2.6547839641571045
802,-2.136221199933175e-09,-9.820214641464986e-10,-2.2546348571777344
803,4.938338071802661e-10,1.7879646652119163e-09,-0.3873494565486908
804,1.490116086078075e-10,4.395842578830411e-10,2.268195390701294
805,7.79517006499475e-10,4.624715277401492e-09,-1.2841700315475464
806,-1.1604279759325209e-09,1.4956458294079766e-09,-2.0390710830688477
807,1.0053626819939154e-09,-2.4866311787441475e-10,-1.3861110210418701
808,7.478520025472335e-10,-3.6041019058075108e-09,-2.5235702991485596
809,-8.065253465083799e-10,3.1441449444002956e-09,-1.5857480764389038
810,2.9194633377471746e-09,1.6217818199493195e-09,0.28421518206596375
811,5.21540644005114e-10,-1.034932209376116e-10,0.04021912068128586
812,-4.3027104101867053e-10,-1.922249692754008e-09,-0.2118666172027588
813,1.809094096749675e-09,5.829206006779941e-10,-1.6478444337844849
814,2.862885484233857e-09,-4.697940259035249e-09,0.47887298464775085
815,1.4724209629335405e-09,-3.3521790898660697e-10,0.881369411945343
816,1.0114162840579866e-09,-1.1265510746483187e-09,3.532283306121826
817,5.732290198068313e-10,1.5164259847821882e-09,2.330005168914795
818,1.968350371583938e-09,-1.0121148363850807e-09,-1.386446475982666
819,6.821938014489604e-10,-9.657814548091892e-10,-0.9482943415641785
820,-6.379559380764732e-11,-7.682247060714076e-10,-1.6351479291915894
821,2.0677688450376763e-09,-1.0710209802367032e-10,5.031922340393066
822,7.580965855069621e-10,-8.750939972657079e-10,-2.9598453044891357
823,-7.590278960911689e-10,-1.0307412701138219e-09,1.153915286064148
824,3.905035406148727e-09,4.0186567962230413e-10,6.595208644866943
825,6.388872764162556e-10,1.4898833278209622e-09,2.3649299144744873
826,-2.8684735142725515e-10,-5.596317187439581e-09,-2.928154945373535
827,-1.303851610012785e-10,1.3655516717392402e-09,1.2817866802215576
828,7.958151360121235e-10,-8.977949494948234e-10,-1.0646919012069702
829,-5.68572411374646e-10,5.919719159308556e-10,-1.2397966384887695
830,-6.905757077291241e-10,1.9718426891301988e-09,-3.3033804893493652
831,-1.6069970909526887e-09,-2.972665169576061e-10,2.2845611572265625
832,1.0933727256912107e-09,2.5341286846725097e-09,-0.7879593372344971
833,-8.102506166007828e-11,-5.939509994945524e-10,-1.0663141012191772
834,-7.566995918750763e-10,-1.1654920362147436e-09,-2.9890382289886475
835,-2.3851172148425803e-09,-1.4420947769266945e-09,-2.9388365745544434
836,1.7555430442683928e-09,-9.353970931158528e-10,-0.4737533628940582
837,5.662441071585533e-10,2.174638247254279e-09,0.5631033182144165
838,-4.898756955640238e-10,1.0601943767341027e-09,-4.174139976501465
839,2.1792948001753132e-10,8.982606325425024e-10,0.2386821061372757
840,1.9501895653917245e-09,5.536712754938833e-10,-2.7009663581848145
841,-2.2873283267443867e-09,1.1804514310487235e-10,-4.209286689758301
842,-1.3327225989456792e-09,2.7334318142280267e-10,-3.0140318870544434
843,4.786998020200883e-10,2.002692678360063e-09,-2.1469833850860596
844,4.1723252630632146e-10,5.41098388318062e-10,-0.6088734269142151
845,5.401670777338552e-10,2.039596491698603e-09,2.135928153991699
846,1.274049310495684e-09,-2.0021106994505544e-09,-4.994412422180176
847,1.6624107646023845e-10,5.003646830203934e-09,-3.1477391719818115
848,-1.0007060735617301e-09,2.5766202504939884e-09,-0.6913082599639893
849,1.4877878096175579e-10,1.4677061788148649e-09,-2.3641419410705566
850,-1.2223608236716643e-10,4.606786951910635e-09,-3.1438355445861816
851,5.792826218709024e-10,-4.698522126922455e-10,3.500429630279541
852,-1.1473894057090206e-09,6.519258050063925e-11,2.7757809162139893
853,4.8149378928386e-10,-1.809210559144958e-09,5.785055160522461
854,8.484348779091988e-10,4.2030587898977956e-09,-2.9693689346313477
855,-6.081536385593722e-10,-8.754432179181038e-10,-1.9920434951782227
856,1.1660158394377618e-09,3.4086405920064067e-10,-1.2755229473114014
857,-4.842877210364804e-10,-2.179644020827709e-09,0.21402330696582794
858,-1.2293458473422447e-09,1.2763775592006255e-09,-2.153956651687622
859,-7.785856959152682e-10,-1.2804520777009998e-09,-2.766963481903076
860,-5.709007155907386e-10,-4.0186567962230413e-10,-1.4313918352127075
861,-3.909226553577838e-10,2.255197584233315e-09,-2.5423660278320312
862,5.494802945982258e-10,-4.90579976641925e-09,2.4313039779663086
863,5.587935669737476e-10,1.1161901403156094e-09,-1.5005252361297607
864,-1.6703269878348692e-09,4.509463913393574e-09,-3.199784994125366
865,1.7858110545887484e-09,1.1618249418088311e-10,1.5430711507797241
866,3.527384218049434e-10,-2.9546209923125843e-10,-0.1646670401096344
867,1.0677613238030403e-09,-1.3175885937855014e-09,0.005468849092721939
868,-4.2654574317069205e-10,1.129461413285071e-09,-1.490195393562317
869,1.2852251207728926e-10,6.835907950808462e-10,0.5427592396736145
870,-2.1141022266135678e-10,1.8121208977817105e-09,-1.5289772748947144
871,-3.0710362031172167e-10,2.2925086273772877e-09,-0.841981828212738
872,5.997717322792084e-10,1.9905856962765256e-09,5.843808650970459
873,3.911554760649416e-11,-8.344213653366239e-10,2.407341957092285
874,2.506189034079398e-09,-2.239598062558912e-09,-3.716616153717041
875,1.3657845965298065e-09,-2.580229141457835e-09,-1.1425442695617676
876,2.2351741985060514e-11,6.519258050063925e-11,-2.2741894721984863
877,3.292691008738302e-09,-3.04775316095629e-10,-2.9812872409820557
878,-9.089708430387589e-10,2.674583887696258e-09,-1.7046926021575928
879,6.16535544839536e-10,-1.0583316445433866e-09,0.5448659658432007
880,1.814216332718388e-09,-1.6393605362097219e-09,3.9637911319732666
881,-1.0710209628894685e-11,7.98702259885431e-09,2.552988290786743
882,-1.876614974527513e-10,1.0133953676216834e-09,-1.3385107517242432
883,-1.123989901152811e-09,-2.001004695273423e-09,-1.7808947563171387
884,1.1343509465078228e-09,-1.6817357506582198e-09,-2.294790267944336
885,-1.186737819125483e-09,-2.729939330148312e-10,-2.8974268436431885
886,1.5254482121918045e-09,8.204951718049358e-10,-3.155881404876709
887,2.0116568411054914e-09,-1.8239952881415888e-09,6.759176254272461
888,2.0954757373736754e-10,1.064618171398024e-09,0.185318723320961
889,-2.6356428151075306e-10,-1.049600517610827e-09,-1.9185537099838257
890,3.043329366292369e-09,-1.805310623215206e-10,-2.8931055068969727
891,-3.958121053138086e-10,2.4209729776458744e-09,-2.9358866214752197
892,3.6321581159404204e-11,-1.403037463987289e-09,0.9060788750648499
893,6.463378721122126e-10,-2.344138883003666e-09,-0.40311187505722046
894,-1.5310943624058382e-09,1.4288816796437231e-09,-1.5522925853729248
895,-6.044283407113937e-10,-1.6234116273494692e-09,0.9850856065750122
896,-8.754431901625281e-11,2.1532178262617663e-09,-0.16132688522338867
897,-1.403968830082647e-09,-1.9918661164908258e-10,-2.8415398597717285
898,1.3224780159859506e-09,-4.391186025909377e-10,-4.140688896179199
899,1.0663643301711545e-09,-4.863249802866676e-10,-1.9119220972061157
900,1.0908115383179151e-10,-1.8207938490277797e-09,-1.493863821029663
901,-7.948838254279167e-10,-1.6832490956630863e-09,-2.1530799865722656
902,-1.0300427177867277e-09,-8.861534284143602e-10,0.4324631094932556
903,2.744607652260811e-09,6.773043237373599e-10,-2.1304197311401367
904,-1.0256189647561698e-10,-4.1119054827731816e-09,-2.8081212043762207
905,-4.2608008787858864e-10,-3.066146669894465e-09,-1.1284348964691162
906,2.328306384496992e-12,1.5934928931926606e-09,-3.084573745727539
907,9.94652471497659e-10,-1.1338852079489925e-09,2.408689498901367
908,-1.6298145125159813e-11,6.688060105730642e-10,-2.0260872840881348
909,1.043081288010228e-09,3.6507843970134957e-10,-6.362726211547852
910,1.8626451769865326e-10,1.0628719016025912e-09,2.004101037979126
911,-1.0244548265259112e-11,1.905718777228671e-10,-2.7133142948150635
912,1.1697411927968915e-09,9.92440591512933e-12,-3.1787121295928955
913,-4.395842578830411e-10,5.401670777338552e-11,1.5616310834884644
914,3.366731060605588e-10,-1.16939194438892e-10,0.5504065155982971
915,5.094334398769718e-10,1.8747523533590993e-09,3.1556007862091064
916,-3.2968819341228084e-10,9.978539106114681e-10,0.09048672020435333
917,2.145767119543507e-09,2.5196931208171236e-09,0.041160788387060165
918,-1.5939586317514909e-09,1.7677666275250914e-10,-1.352242350578308
919,-1.908745606016282e-09,1.460372045514191e-09,-1.9051687717437744
920,-2.407003263371621e-09,-4.4540501842327274e-10,-3.7158780097961426
921,-2.0442531001307884e-10,-1.212116296223087e-09,1.4756181240081787
922,-4.401896180894482e-09,2.4536856990664546e-09,-4.095688819885254
923,-2.700835388669276e-10,-3.2548269635057636e-10,0.5561558604240417
924,9.08039532454552e-10,3.8056169326949885e-10,-3.7718429565429688
925,1.810025462845033e-09,4.498346140024978e-09,-2.910888195037842
926,-1.190695875230574e-09,-1.9886066127128288e-09,-2.3890349864959717
927,-1.2179370845188942e-09,-7.087364584101863e-10,-1.186927080154419
928,-3.370921985990094e-09,-1.0539079609017676e-09,-2.7994699478149414
929,1.7387792317080653e-09,-2.0056032390414202e-09,-1.7842323780059814
930,2.4866311787441475e-10,4.564411959506742e-09,-2.614429473876953
931,1.2223608791828156e-09,-1.419626638465843e-09,-0.8158082365989685
932,8.940696794024205e-11,-8.936040241103171e-10,-1.7753150463104248
933,-3.2521785264805203e-09,1.071719490930434e-09,-2.7087972164154053
934,-7.599592066753758e-10,-1.355307199801814e-09,-0.17221224308013916
935,-1.2200325194555717e-09,5.662441071585533e-10,-1.270055890083313
936,1.6149133141851735e-09,-3.571622164688648e-10,-2.6617140769958496
937,-1.4761463162926702e-09,3.162655026756056e-09,-0.6408320665359497
938,-2.1802262217818225e-09,-2.1397135174794357e-09,0.6607809066772461
939,-3.2037497654791025e-10,7.282942582342855e-10,-2.415043830871582
940,1.9948929175228614e-09,-4.736240732938768e-09,0.26715314388275146
941,1.428183127316629e-09,7.066410234735088e-10,-2.6597399711608887
942,-4.749745041721098e-10,-2.772081675317395e-09,-1.3750559091567993
943,-8.777715221341964e-10,4.46452770586081e-11,-2.008723497390747
944,-1.6266131497300051e-10,3.8614961228589095e-10,-1.093531608581543
945,5.061738250766723e-10,2.2286548162497866e-09,-2.0411741733551025
946,1.0342336986823852e-09,-5.536712754938833e-10,-2.1247670650482178
947,1.892447532014785e-09,2.850312652569187e-09,1.289081335067749
948,7.92089838164145e-10,5.851034101667096e-10,-3.2348134517669678
949,-1.5553086596398202e-10,1.034932209376116e-10,-1.8170814514160156
950,-5.997717322792084e-10,-4.842877210364804e-10,4.281830310821533
951,-5.671754732539114e-10,6.2631441699601e-11,-2.570648431777954
952,9.243376897227762e-11,2.234068263717859e-09,-1.7180336713790894
953,1.4603137588053983e-09,1.2802192639327359e-09,0.5160369277000427
954,-4.917383167324374e-10,-3.241002466403131e-10,-5.056208610534668
955,6.984919309616089e-10,1.2445962038754033e-09,-0.9239919185638428
956,-1.1362135537984486e-10,3.965338724043477e-09,-4.771193504333496
957,-1.8319115113740736e-09,1.9452999211466704e-09,-2.5853610038757324
958,1.8011778735171902e-09,-5.75790193302339e-10,-0.8389133810997009
959,6.225891469036071e-10,1.4468096720676726e-09,-2.9948811531066895
960,1.6083940845845746e-09,-5.13868858575961e-09,-3.1210625171661377
961,-1.380685676899418e-09,2.8953655029084757e-09,-0.12253659963607788
962,2.109445729203685e-09,-2.216314909375683e-09,4.793856620788574
963,-6.674090169411784e-10,2.278015109880016e-09,-2.2882559299468994
964,6.461050583439487e-10,-8.25966683937196e-10,1.5594404935836792
965,-6.305053701360919e-10,-6.763730131531531e-10,-0.38461363315582275
966,2.57603827158448e-09,-1.2246892389100594e-09,-1.7225394248962402
967,1.6749835962670545e-09,4.0919986843412914e-10,-1.4984314441680908
968,9.927898503292454e-10,-1.0486692625377714e-09,-1.3761887550354004
969,-1.0470394551376216e-09,-1.7578713484844855e-10,0.004549922421574593
970,9.778886728151193e-11,4.0105077592222926e-10,-1.4011352062225342
971,-1.7220154191477377e-09,-3.4875702326075952e-09,-2.9073455333709717
972,-1.1473894057090206e-09,1.7555430720239684e-10,-6.005231857299805
973,-2.2482127270961882e-09,7.239868704544961e-10,-3.0486884117126465
974,1.3969838740662821e-12,5.448236861660405e-10,-2.2887532711029053
975,2.1185260212774892e-09,-6.70901501020893e-10,-3.720024585723877
976,2.9196961515154385e-10,-3.337045084705892e-10,-3.2652690410614014
977,1.894775669697424e-09,-7.289927550502284e-10,-3.0069308280944824
978,1.7099082150195954e-09,-3.2391398452347175e-09,-2.3861310482025146
979,-1.0244548265259112e-10,3.7340214253944737e-10,2.1323983669281006
980,-1.790002035484406e-09,-1.0216608670177152e-09,3.5321216583251953
981,9.513460019761055e-10,-4.788744401018619e-10,-1.1433815956115723
982,-5.103647504611786e-10,4.594097990917589e-09,-0.3573008179664612
983,-7.273629476500787e-10,-3.926456049185845e-09,-3.399557113647461
984,7.622875108914684e-10,-4.462082703327042e-09,2.2773077487945557
985,-5.075708187085581e-10,1.1965166635263813e-09,-0.43774712085723877
986,1.2200325472111473e-10,1.389067638690733e-09,-1.9789869785308838
987,-1.279637174000925e-09,-1.1615920447738404e-09,-3.085887908935547
988,1.5273690645578597e-10,-1.3262033693450803e-09,3.7242343425750732
989,-4.4540501842327274e-10,1.5599070923855152e-09,-2.0255634784698486
990,1.0244548542814869e-09,-1.6533303615062778e-09,-3.257495880126953
991,-2.0652078658311979e-10,3.802182568790613e-09,-0.3658663034439087
992,7.171183785681379e-11,5.217734577733779e-10,-0.7942249774932861
993,2.394430431706951e-09,-2.611894256432379e-09,1.605375051498413
994,1.4062970232764371e-10,1.898501134078856e-09,1.273134708404541
995,-1.4835969119886272e-09,2.845190472111625e-10,-1.7883374691009521
996,-8.209608548526148e-10,5.503534294959422e-10,-1.427613615989685
997,-1.5720724722001478e-09,1.9557773456302385e-10,-0.38998138904571533
998,8.572824117258904e-10,-1.3231765683130448e-09,0.5937080383300781
999,7.947674185437847e-10,5.272216885288117e-09,-2.2829792499542236
1000,1.5995464675011561e-10,-4.6397327646552355e-10,1.6201331615447998
1001,8.828938136140607e-10,2.721324499077582e-09,-1.7834616899490356
1002,-3.6507843970134957e-10,5.103647504611786e-10,-2.032217502593994
1003,-4.917383167324374e-10,-6.626360016248611e-10,-2.3261964321136475
1004,-5.522742818619975e-10,1.959968409792623e-09,0.007019774988293648
1005,-6.873160374176734e-10,8.023344211238737e-10,0.432084858417511
1006,-1.9837171905123796e-09,1.1617085071691235e-09,3.1234264373779297
1007,-7.273629476500787e-10,-1.3369135798413367e-09,-4.004478454589844
1008,6.705522803684971e-10,1.4611286625054731e-09,-2.989931106567383
1009,3.427267081246299e-10,-3.7299469068940994e-10,-1.1092065572738647
1010,-2.3958273143165343e-09,-8.624629344033963e-10,-3.320970058441162
1011,6.097834459595219e-10,3.442401086406477e-10,2.4857096672058105
1012,-8.19563861220729e-11,1.5060650504494788e-09,0.8563421964645386
1013,2.6728957935873154e-10,-1.8603169005260156e-10,-1.4805359840393066
1014,1.4654361057964138e-09,2.554152167544288e-10,-1.1193535327911377
1015,-1.9883736879222624e-09,4.183384472167262e-10,0.1806017905473709
1016,5.111796541612534e-10,-2.0324368854574004e-09,-2.339812994003296
1017,1.275213490359306e-09,4.990725055442624e-10,2.6234169006347656
1018,5.525070956302613e-10,-5.082460230454444e-09,-1.8525865077972412
1019,4.1211024176535105e-11,2.8539215435330334e-09,-0.9953414797782898
1020,-4.910398199164945e-10,-1.7776620175879998e-09,3.3431622982025146
1021,9.941868439611312e-10,1.54133886209884e-10,-1.5209991931915283
1022,3.4552066763282596e-10,3.3824471001864254e-10,-0.13808459043502808
1023,-1.0076910417211593e-09,4.256144048309096e-10,-3.115675449371338
1024,-1.5636906214311352e-09,5.21540644005114e-10,-1.2309134006500244
1025,1.1213123762843225e-09,-3.2253737458631804e-09,1.7500829696655273
1026,-6.664195306704812e-10,-1.0575167408433117e-09,-3.3955330848693848
1027,-1.0237563019543927e-09,7.670605817189369e-10,0.12636713683605194
1028,-3.129243808519533e-10,-8.487840985615946e-10,1.2823659181594849
1029,7.292255688184923e-10,-3.0327356181913956e-09,-0.9244210720062256
1030,7.939525148437099e-10,2.933666157223236e-11,-0.6321596503257751
1031,7.79051323451796e-10,-8.39005198649545e-10,-0.05632683262228966
1032,1.2377276981112573e-09,2.2923341003178166e-09,2.1782727241516113
1033,-4.479661641632049e-10,3.687397054363828e-09,-1.9013322591781616
1034,-9.313225884932663e-11,-1.8804566792596233e-09,3.0616424083709717
1035,-1.7106067673466896e-09,-1.7890124937025575e-09,5.546474933624268
1036,-3.580004070968812e-09,-1.0102958469815349e-09,4.159804821014404
1037,7.008202351777015e-10,-1.1688098267015334e-09,2.187711477279663
1038,-4.93600937900851e-10,-8.250353733529892e-10,1.2687920331954956
1039,-7.539056046113046e-10,1.427950313548365e-09,-4.331094741821289
1040,-1.1464580396136625e-09,7.491325615394118e-11,2.532043695449829
1041,6.565824273163656e-11,1.6489065668423564e-09,-1.0635809898376465
1042,-1.239124691743143e-09,-2.7916393641191917e-09,0.20392099022865295
1043,-8.578645016577013e-10,7.528578649385054e-09,5.448423385620117
1044,1.0353978785460072e-09,-1.0462245514375468e-09,-2.422619581222534
1045,7.082708308736585e-10,-1.742504585067195e-09,-3.546381950378418
1046,5.48548984014019e-10,-2.1146842610342276e-10,-1.760854959487915
1047,-5.618203680057832e-10,-2.700835388669276e-11,-1.4628627300262451
1048,-3.206543697231723e-09,-4.421919719277412e-09,-0.5433143377304077
1049,-7.818453107155676e-10,-2.257060316424031e-09,-2.868246555328369
1050,1.0351650647777433e-09,1.2929085579926891e-09,-1.6840150356292725
1051,-4.256144048309096e-10,2.977904034473511e-10,-0.7329270243644714
1052,-1.296866641853356e-10,-1.281499906191641e-09,-2.2130978107452393
1053,-1.1851080117253332e-09,1.981621533531097e-09,-2.223672389984131
1054,8.326023759330781e-10,1.3660174102980704e-09,-0.13586321473121643
1055,-1.1208467487477947e-09,5.150795900910055e-10,-1.3327465057373047
1056,1.19209286886246e-09,-1.328065990513494e-09,-2.994983434677124
1057,7.450580707946131e-10,-7.748603980672897e-10,-2.4522061347961426
1058,-8.266651807531389e-10,5.681067838381182e-10,0.2853851318359375
1059,-3.4458935704861915e-11,6.861519130652027e-10,3.277822971343994
1060,-5.641486722218758e-10,-6.007030428634152e-10,-3.896493434906006
1061,-1.8915160548971244e-09,5.581183515346311e-09,-2.3384664058685303
1062,3.8882716490995506e-11,1.2037344454540744e-09,2.555481195449829
1063,-1.7695128695649487e-09,2.04995731500901e-09,5.772933006286621
1064,-4.932517172484552e-10,1.4810357384931194e-09,-1.0934087038040161
1065,2.020970057969862e-09,1.3626413331024878e-09,-1.663966178894043
1066,1.0766089131308831e-09,1.0380172277280053e-09,-3.0121865272521973
1067,5.820766091346741e-11,7.878989127796387e-10,-3.748460292816162
1068,2.40281211594251e-10,-8.102506166007828e-11,1.4899969100952148
1069,3.417953975404231e-10,2.1061858923587806e-09,-2.821516513824463
1070,-8.761417147340467e-10,9.284122082231505e-11,-3.1603684425354004
1071,-7.664784917871259e-10,8.422648689609957e-11,-3.662027359008789
1072,1.075677547035525e-09,-7.808557689337192e-10,-1.9862306118011475
1073,-6.593763868245617e-10,1.885928302414186e-09,0.6984358429908752
1074,-1.0514631387792406e-09,2.0220176644158983e-09,-1.9640300273895264
1075,2.8316862188404457e-09,7.941270974143322e-10,-2.3977155685424805
1076,-1.2583332154036952e-09,2.9447255744941003e-10,-2.0467629432678223
1077,1.780455893829469e-09,4.454399515907426e-09,1.0849330425262451
1078,-2.1886079754063203e-11,-1.7180573630426466e-09,1.6988621950149536
1079,6.90342838449709e-10,1.402455374055478e-09,5.028619289398193
1080,-2.4680047935876637e-11,5.625770405082164e-10,0.4119398593902588
1081,-1.7834826948615046e-09,-1.2000090920949447e-09,0.3752106726169586
1082,-1.3634562368025627e-09,1.3499520390425346e-09,-0.28194481134414673
1083,1.1455267984183948e-10,3.5227276651284e-10,-2.7411766052246094
1084,-1.3168901524807097e-09,9.387731703114355e-10,-4.751684188842773
1085,-1.5227124006145232e-09,1.1879019989891049e-09,-3.6590681076049805
1086,2.010725363987831e-09,-4.853354940159704e-10,-1.304605484008789
1087,-4.428438726833406e-10,1.4315301166689665e-09,-1.992260456085205
1088,-2.586166281126623e-10,-9.195064154532417e-10,-1.2258325815200806
1089,-2.6515918349900858e-09,1.5961996169266968e-09,-2.5304203033447266
1090,-1.1585652437418048e-09,-1.3180542213220292e-09,-0.5226931571960449
1091,1.4654361057964138e-09,9.375508147613232e-10,-1.183540940284729
1092,-1.5411060205750005e-09,-1.8594727979603931e-09,1.7304449081420898
1093,3.2130628019322316e-11,2.1909363212557764e-10,0.23843756318092346
1094,2.0153820834423186e-09,6.803311247693955e-10,1.0552276372909546
1095,-8.065253465083799e-10,6.679911068729893e-10,5.187744140625
1096,8.810311369344959e-10,1.577311170564144e-09,0.18494217097759247
1097,8.852221178301534e-10,3.469176612647118e-10,2.693112373352051
1098,-1.9841828180489074e-09,2.1038577546761417e-09,-3.8115897178649902
1099,-2.700835388669276e-10,1.5990226920337136e-09,-2.3922605514526367
1100,-6.267800722881134e-10,5.664769764379685e-10,-0.865929126739502
1101,-1.1436641633721933e-09,-2.7038622452124628e-09,-0.4053424298763275
1102,-3.0174851506359346e-10,-3.0072406786985084e-09,1.1185581684112549
1103,-3.7811695441369864e-10,-3.2297102769973662e-09,1.4250717163085938
1104,2.756714856388953e-10,-1.2665987703108783e-10,-4.883872032165527
1105,4.833564104522736e-10,1.7172424593425717e-09,0.8801803588867188
1106,6.719492184892317e-10,2.4742912163588926e-09,-2.0337066650390625
1107,9.164214387347158e-10,1.001870253425352e-09,-2.483397960662842
1108,-1.273467220563873e-09,1.5089172133997408e-09,-0.719826877117157
1109,2.024695300306689e-09,6.132759300392365e-10,0.9965126514434814
1110,1.2670643423362549e-09,1.1185183890205508e-09,-3.1680071353912354
1111,-2.62632959824316e-09,4.637404238394538e-09,-3.5440943241119385
1112,-1.4603137588053983e-09,1.8001301560488514e-09,-2.9346277713775635
1113,1.4938413839260534e-09,2.862070580533782e-09,2.1210522651672363
1114,-1.057982479402142e-09,1.2749805655687396e-09,-1.467454195022583
1115,-2.4819746258231135e-10,-2.040062119235131e-09,-3.0155019760131836
1116,-5.76488690118282e-10,-1.6302219574271248e-09,-3.2426178455352783
1117,3.818422522616771e-10,1.5008263520854825e-09,-2.4000844955444336
1118,-6.668269825205186e-10,3.662425918093959e-09,-0.5123849511146545
1119,1.7927959117258752e-10,2.0219013130429175e-09,0.508563756942749
1120,-6.09550632191258e-10,4.824250998680668e-10,-1.22931969165802
1121,3.003515144928137e-11,2.430286194510245e-09,-2.65746808052063
